day;month;year;cases;deaths;contry
14;12;2020;746;6;Afghanistan
13;12;2020;298;9;Afghanistan
12;12;2020;113;11;Afghanistan
11;12;2020;63;10;Afghanistan
10;12;2020;202;16;Afghanistan
9;12;2020;135;13;Afghanistan
8;12;2020;200;6;Afghanistan
7;12;2020;210;26;Afghanistan
6;12;2020;234;10;Afghanistan
5;12;2020;235;18;Afghanistan
4;12;2020;119;5;Afghanistan
3;12;2020;202;19;Afghanistan
2;12;2020;400;48;Afghanistan
1;12;2020;272;11;Afghanistan
14;12;2020;788;14;Albania
13;12;2020;879;12;Albania
12;12;2020;802;12;Albania
11;12;2020;873;14;Albania
10;12;2020;752;15;Albania
9;12;2020;753;14;Albania
8;12;2020;695;17;Albania
7;12;2020;840;16;Albania
6;12;2020;846;19;Albania
5;12;2020;801;18;Albania
4;12;2020;782;13;Albania
3;12;2020;705;17;Albania
2;12;2020;832;12;Albania
1;12;2020;557;12;Albania
14;12;2020;464;12;Algeria
13;12;2020;517;9;Algeria
12;12;2020;542;11;Algeria
11;12;2020;565;10;Algeria
10;12;2020;598;15;Algeria
9;12;2020;591;12;Algeria
8;12;2020;573;11;Algeria
7;12;2020;750;15;Algeria
6;12;2020;772;9;Algeria
5;12;2020;803;12;Algeria
4;12;2020;843;16;Algeria
3;12;2020;932;17;Algeria
2;12;2020;963;16;Algeria
1;12;2020;968;21;Algeria
14;12;2020;50;1;Andorra
13;12;2020;52;0;Andorra
12;12;2020;46;0;Andorra
11;12;2020;28;0;Andorra
10;12;2020;35;0;Andorra
9;12;2020;43;0;Andorra
8;12;2020;34;0;Andorra
7;12;2020;45;0;Andorra
6;12;2020;50;1;Andorra
5;12;2020;51;0;Andorra
4;12;2020;62;1;Andorra
3;12;2020;52;0;Andorra
2;12;2020;45;0;Andorra
1;12;2020;33;0;Andorra
14;12;2020;27;5;Angola
13;12;2020;100;1;Angola
12;12;2020;136;3;Angola
11;12;2020;121;4;Angola
10;12;2020;75;3;Angola
9;12;2020;81;1;Angola
8;12;2020;112;0;Angola
7;12;2020;0;0;Angola
6;12;2020;43;1;Angola
5;12;2020;132;1;Angola
4;12;2020;42;1;Angola
3;12;2020;68;1;Angola
2;12;2020;112;2;Angola
1;12;2020;36;2;Angola
14;12;2020;0;0;Anguilla
13;12;2020;0;0;Anguilla
12;12;2020;0;0;Anguilla
11;12;2020;0;0;Anguilla
10;12;2020;0;0;Anguilla
9;12;2020;1;0;Anguilla
8;12;2020;0;0;Anguilla
7;12;2020;2;0;Anguilla
6;12;2020;0;0;Anguilla
5;12;2020;1;0;Anguilla
4;12;2020;0;0;Anguilla
3;12;2020;0;0;Anguilla
2;12;2020;0;0;Anguilla
1;12;2020;2;0;Anguilla
14;12;2020;0;0;Antigua_and_Barbuda
13;12;2020;1;0;Antigua_and_Barbuda
12;12;2020;1;0;Antigua_and_Barbuda
11;12;2020;0;0;Antigua_and_Barbuda
10;12;2020;0;0;Antigua_and_Barbuda
9;12;2020;0;0;Antigua_and_Barbuda
8;12;2020;0;0;Antigua_and_Barbuda
7;12;2020;2;0;Antigua_and_Barbuda
6;12;2020;0;0;Antigua_and_Barbuda
5;12;2020;0;0;Antigua_and_Barbuda
4;12;2020;0;0;Antigua_and_Barbuda
3;12;2020;2;0;Antigua_and_Barbuda
2;12;2020;1;0;Antigua_and_Barbuda
1;12;2020;0;0;Antigua_and_Barbuda
14;12;2020;3558;98;Argentina
13;12;2020;5274;62;Argentina
12;12;2020;7112;175;Argentina
11;12;2020;6994;209;Argentina
10;12;2020;5303;213;Argentina
9;12;2020;3610;121;Argentina
8;12;2020;3216;118;Argentina
7;12;2020;3278;138;Argentina
6;12;2020;5201;120;Argentina
5;12;2020;6899;207;Argentina
4;12;2020;7625;149;Argentina
3;12;2020;7535;228;Argentina
2;12;2020;8037;198;Argentina
1;12;2020;5724;257;Argentina
14;12;2020;357;17;Armenia
13;12;2020;1013;24;Armenia
12;12;2020;995;17;Armenia
11;12;2020;1077;29;Armenia
10;12;2020;1174;23;Armenia
9;12;2020;1138;21;Armenia
8;12;2020;584;28;Armenia
7;12;2020;407;18;Armenia
6;12;2020;978;17;Armenia
5;12;2020;1267;32;Armenia
4;12;2020;1184;23;Armenia
3;12;2020;1277;26;Armenia
2;12;2020;1264;35;Armenia
1;12;2020;843;29;Armenia
14;12;2020;5;0;Aruba
13;12;2020;13;0;Aruba
12;12;2020;20;0;Aruba
11;12;2020;15;1;Aruba
10;12;2020;12;0;Aruba
9;12;2020;18;0;Aruba
8;12;2020;1;0;Aruba
7;12;2020;8;0;Aruba
6;12;2020;15;0;Aruba
5;12;2020;19;0;Aruba
4;12;2020;21;0;Aruba
3;12;2020;30;0;Aruba
2;12;2020;27;0;Aruba
1;12;2020;7;0;Aruba
14;12;2020;6;0;Australia
13;12;2020;13;0;Australia
12;12;2020;12;0;Australia
11;12;2020;7;0;Australia
10;12;2020;6;0;Australia
9;12;2020;15;0;Australia
8;12;2020;7;0;Australia
7;12;2020;9;0;Australia
6;12;2020;7;0;Australia
5;12;2020;10;0;Australia
4;12;2020;16;0;Australia
3;12;2020;11;0;Australia
2;12;2020;8;0;Australia
1;12;2020;11;1;Australia
14;12;2020;3005;45;Austria
13;12;2020;2938;96;Austria
12;12;2020;3026;101;Austria
11;12;2020;2466;125;Austria
10;12;2020;2913;126;Austria
9;12;2020;2531;80;Austria
8;12;2020;2181;95;Austria
7;12;2020;2745;58;Austria
6;12;2020;3160;87;Austria
5;12;2020;3634;140;Austria
4;12;2020;3783;118;Austria
3;12;2020;3660;133;Austria
2;12;2020;3464;213;Austria
1;12;2020;2348;79;Austria
14;12;2020;4451;39;Azerbaijan
13;12;2020;4268;43;Azerbaijan
12;12;2020;4381;47;Azerbaijan
11;12;2020;4219;38;Azerbaijan
10;12;2020;4403;42;Azerbaijan
9;12;2020;4387;38;Azerbaijan
8;12;2020;3086;43;Azerbaijan
7;12;2020;4356;39;Azerbaijan
6;12;2020;4323;42;Azerbaijan
5;12;2020;4267;41;Azerbaijan
4;12;2020;4189;40;Azerbaijan
3;12;2020;3942;37;Azerbaijan
2;12;2020;4426;41;Azerbaijan
1;12;2020;2981;31;Azerbaijan
14;12;2020;15;0;Bahamas
13;12;2020;11;0;Bahamas
12;12;2020;63;0;Bahamas
11;12;2020;0;0;Bahamas
10;12;2020;6;0;Bahamas
9;12;2020;0;0;Bahamas
8;12;2020;0;0;Bahamas
7;12;2020;9;0;Bahamas
6;12;2020;5;0;Bahamas
5;12;2020;0;0;Bahamas
4;12;2020;22;0;Bahamas
3;12;2020;0;0;Bahamas
2;12;2020;2;0;Bahamas
1;12;2020;45;0;Bahamas
14;12;2020;178;0;Bahrain
13;12;2020;145;1;Bahrain
12;12;2020;188;0;Bahrain
11;12;2020;137;0;Bahrain
10;12;2020;201;3;Bahrain
9;12;2020;183;3;Bahrain
8;12;2020;181;0;Bahrain
7;12;2020;198;0;Bahrain
6;12;2020;132;0;Bahrain
5;12;2020;168;0;Bahrain
4;12;2020;162;0;Bahrain
3;12;2020;133;0;Bahrain
2;12;2020;181;0;Bahrain
1;12;2020;169;0;Bahrain
14;12;2020;1355;32;Bangladesh
13;12;2020;1329;34;Bangladesh
12;12;2020;1884;19;Bangladesh
11;12;2020;1861;37;Bangladesh
10;12;2020;2159;24;Bangladesh
9;12;2020;2202;32;Bangladesh
8;12;2020;2198;36;Bangladesh
7;12;2020;1666;31;Bangladesh
6;12;2020;1888;35;Bangladesh
5;12;2020;2252;24;Bangladesh
4;12;2020;2316;35;Bangladesh
3;12;2020;2198;38;Bangladesh
2;12;2020;2293;31;Bangladesh
1;12;2020;2525;35;Bangladesh
14;12;2020;0;0;Barbados
13;12;2020;0;0;Barbados
12;12;2020;1;0;Barbados
11;12;2020;1;0;Barbados
10;12;2020;0;0;Barbados
9;12;2020;1;0;Barbados
8;12;2020;2;0;Barbados
7;12;2020;2;0;Barbados
6;12;2020;1;0;Barbados
5;12;2020;3;0;Barbados
4;12;2020;2;0;Barbados
3;12;2020;1;0;Barbados
2;12;2020;2;0;Barbados
1;12;2020;1;0;Barbados
14;12;2020;1961;9;Belarus
13;12;2020;1975;8;Belarus
12;12;2020;1967;8;Belarus
11;12;2020;1939;8;Belarus
10;12;2020;1851;8;Belarus
9;12;2020;1649;7;Belarus
8;12;2020;1796;8;Belarus
7;12;2020;1878;9;Belarus
6;12;2020;1896;8;Belarus
5;12;2020;1774;9;Belarus
4;12;2020;1701;7;Belarus
3;12;2020;1689;8;Belarus
2;12;2020;1572;8;Belarus
1;12;2020;1639;7;Belarus
14;12;2020;2;6;Belgium
13;12;2020;856;48;Belgium
12;12;2020;2751;92;Belgium
11;12;2020;2604;87;Belgium
10;12;2020;2708;83;Belgium
9;12;2020;2715;91;Belgium
8;12;2020;3353;96;Belgium
7;12;2020;592;83;Belgium
6;12;2020;1098;85;Belgium
5;12;2020;2549;106;Belgium
4;12;2020;2364;93;Belgium
3;12;2020;2611;117;Belgium
2;12;2020;2674;110;Belgium
1;12;2020;3293;99;Belgium
14;12;2020;122;3;Belize
13;12;2020;208;7;Belize
12;12;2020;160;2;Belize
11;12;2020;286;0;Belize
10;12;2020;506;4;Belize
9;12;2020;60;3;Belize
8;12;2020;184;3;Belize
7;12;2020;168;1;Belize
6;12;2020;218;2;Belize
5;12;2020;147;6;Belize
4;12;2020;1382;16;Belize
3;12;2020;0;0;Belize
2;12;2020;0;0;Belize
1;12;2020;111;1;Belize
14;12;2020;0;0;Benin
13;12;2020;0;0;Benin
12;12;2020;0;0;Benin
11;12;2020;0;0;Benin
10;12;2020;17;0;Benin
9;12;2020;0;0;Benin
8;12;2020;18;0;Benin
7;12;2020;0;0;Benin
6;12;2020;0;0;Benin
5;12;2020;0;0;Benin
4;12;2020;0;0;Benin
3;12;2020;40;1;Benin
2;12;2020;0;0;Benin
1;12;2020;41;0;Benin
14;12;2020;40;0;Bermuda
13;12;2020;0;0;Bermuda
12;12;2020;27;0;Bermuda
11;12;2020;24;0;Bermuda
10;12;2020;10;0;Bermuda
9;12;2020;24;0;Bermuda
8;12;2020;18;0;Bermuda
7;12;2020;0;0;Bermuda
6;12;2020;10;0;Bermuda
5;12;2020;6;0;Bermuda
4;12;2020;5;0;Bermuda
3;12;2020;5;0;Bermuda
2;12;2020;2;0;Bermuda
1;12;2020;9;0;Bermuda
14;12;2020;1;0;Bhutan
13;12;2020;1;0;Bhutan
12;12;2020;2;0;Bhutan
11;12;2020;1;0;Bhutan
10;12;2020;0;0;Bhutan
9;12;2020;1;0;Bhutan
8;12;2020;2;0;Bhutan
7;12;2020;4;0;Bhutan
6;12;2020;2;0;Bhutan
5;12;2020;6;0;Bhutan
4;12;2020;3;0;Bhutan
3;12;2020;1;0;Bhutan
2;12;2020;4;0;Bhutan
1;12;2020;14;0;Bhutan
14;12;2020;120;4;Bolivia
13;12;2020;333;1;Bolivia
12;12;2020;312;5;Bolivia
11;12;2020;325;4;Bolivia
10;12;2020;214;2;Bolivia
9;12;2020;189;5;Bolivia
8;12;2020;97;2;Bolivia
7;12;2020;68;3;Bolivia
6;12;2020;167;5;Bolivia
5;12;2020;139;5;Bolivia
4;12;2020;192;10;Bolivia
3;12;2020;184;9;Bolivia
2;12;2020;102;6;Bolivia
1;12;2020;86;5;Bolivia
14;12;2020;0;0;Bonaire, Saint Eustatius and Saba
13;12;2020;0;0;Bonaire, Saint Eustatius and Saba
12;12;2020;3;0;Bonaire, Saint Eustatius and Saba
11;12;2020;1;0;Bonaire, Saint Eustatius and Saba
10;12;2020;0;0;Bonaire, Saint Eustatius and Saba
9;12;2020;0;0;Bonaire, Saint Eustatius and Saba
8;12;2020;5;0;Bonaire, Saint Eustatius and Saba
7;12;2020;0;0;Bonaire, Saint Eustatius and Saba
6;12;2020;0;0;Bonaire, Saint Eustatius and Saba
5;12;2020;0;0;Bonaire, Saint Eustatius and Saba
4;12;2020;1;0;Bonaire, Saint Eustatius and Saba
3;12;2020;1;0;Bonaire, Saint Eustatius and Saba
2;12;2020;0;0;Bonaire, Saint Eustatius and Saba
1;12;2020;1;0;Bonaire, Saint Eustatius and Saba
14;12;2020;811;38;Bosnia_and_Herzegovina
13;12;2020;763;48;Bosnia_and_Herzegovina
12;12;2020;940;51;Bosnia_and_Herzegovina
11;12;2020;1286;48;Bosnia_and_Herzegovina
10;12;2020;1296;70;Bosnia_and_Herzegovina
9;12;2020;1077;69;Bosnia_and_Herzegovina
8;12;2020;437;60;Bosnia_and_Herzegovina
7;12;2020;739;30;Bosnia_and_Herzegovina
6;12;2020;975;57;Bosnia_and_Herzegovina
5;12;2020;1254;53;Bosnia_and_Herzegovina
4;12;2020;1161;39;Bosnia_and_Herzegovina
3;12;2020;1293;46;Bosnia_and_Herzegovina
2;12;2020;1184;46;Bosnia_and_Herzegovina
1;12;2020;527;61;Bosnia_and_Herzegovina
14;12;2020;0;0;Botswana
13;12;2020;0;0;Botswana
12;12;2020;443;1;Botswana
11;12;2020;0;0;Botswana
10;12;2020;0;0;Botswana
9;12;2020;527;2;Botswana
8;12;2020;0;0;Botswana
7;12;2020;0;0;Botswana
6;12;2020;1521;0;Botswana
5;12;2020;0;0;Botswana
4;12;2020;18;3;Botswana
3;12;2020;0;0;Botswana
2;12;2020;0;0;Botswana
1;12;2020;0;0;Botswana
14;12;2020;21825;279;Brazil
13;12;2020;43900;686;Brazil
12;12;2020;54428;672;Brazil
11;12;2020;53347;770;Brazil
10;12;2020;53453;836;Brazil
9;12;2020;51088;842;Brazil
8;12;2020;20371;376;Brazil
7;12;2020;26363;313;Brazil
6;12;2020;43209;664;Brazil
5;12;2020;46884;694;Brazil
4;12;2020;50434;755;Brazil
3;12;2020;49863;698;Brazil
2;12;2020;50909;697;Brazil
1;12;2020;21138;287;Brazil
14;12;2020;0;0;British_Virgin_Islands
13;12;2020;0;0;British_Virgin_Islands
12;12;2020;1;0;British_Virgin_Islands
11;12;2020;2;0;British_Virgin_Islands
10;12;2020;0;0;British_Virgin_Islands
9;12;2020;0;0;British_Virgin_Islands
8;12;2020;0;0;British_Virgin_Islands
7;12;2020;0;0;British_Virgin_Islands
6;12;2020;0;0;British_Virgin_Islands
5;12;2020;0;0;British_Virgin_Islands
4;12;2020;0;0;British_Virgin_Islands
3;12;2020;0;0;British_Virgin_Islands
2;12;2020;0;0;British_Virgin_Islands
1;12;2020;0;0;British_Virgin_Islands
14;12;2020;0;0;Brunei_Darussalam
13;12;2020;0;0;Brunei_Darussalam
12;12;2020;0;0;Brunei_Darussalam
11;12;2020;0;0;Brunei_Darussalam
10;12;2020;1;0;Brunei_Darussalam
9;12;2020;0;0;Brunei_Darussalam
8;12;2020;0;0;Brunei_Darussalam
7;12;2020;0;0;Brunei_Darussalam
6;12;2020;0;0;Brunei_Darussalam
5;12;2020;0;0;Brunei_Darussalam
4;12;2020;0;0;Brunei_Darussalam
3;12;2020;1;0;Brunei_Darussalam
2;12;2020;0;0;Brunei_Darussalam
1;12;2020;0;0;Brunei_Darussalam
14;12;2020;497;62;Bulgaria
13;12;2020;1287;64;Bulgaria
12;12;2020;3097;157;Bulgaria
11;12;2020;3075;122;Bulgaria
10;12;2020;3328;127;Bulgaria
9;12;2020;3980;146;Bulgaria
8;12;2020;2764;213;Bulgaria
7;12;2020;577;68;Bulgaria
6;12;2020;2037;79;Bulgaria
5;12;2020;3614;147;Bulgaria
4;12;2020;3280;156;Bulgaria
3;12;2020;3138;159;Bulgaria
2;12;2020;3475;153;Bulgaria
1;12;2020;2814;221;Bulgaria
14;12;2020;136;0;Burkina_Faso
13;12;2020;315;2;Burkina_Faso
12;12;2020;0;0;Burkina_Faso
11;12;2020;110;0;Burkina_Faso
10;12;2020;0;0;Burkina_Faso
9;12;2020;154;1;Burkina_Faso
8;12;2020;103;0;Burkina_Faso
7;12;2020;56;0;Burkina_Faso
6;12;2020;65;0;Burkina_Faso
5;12;2020;29;0;Burkina_Faso
4;12;2020;52;0;Burkina_Faso
3;12;2020;79;0;Burkina_Faso
2;12;2020;45;0;Burkina_Faso
1;12;2020;30;0;Burkina_Faso
14;12;2020;1;0;Burundi
13;12;2020;5;0;Burundi
12;12;2020;2;0;Burundi
11;12;2020;1;0;Burundi
10;12;2020;4;0;Burundi
9;12;2020;18;0;Burundi
8;12;2020;4;0;Burundi
7;12;2020;0;0;Burundi
6;12;2020;2;0;Burundi
5;12;2020;0;0;Burundi
4;12;2020;3;0;Burundi
3;12;2020;0;0;Burundi
2;12;2020;1;0;Burundi
1;12;2020;7;0;Burundi
14;12;2020;0;0;Cambodia
13;12;2020;2;0;Cambodia
12;12;2020;1;0;Cambodia
11;12;2020;0;0;Cambodia
10;12;2020;2;0;Cambodia
9;12;2020;4;0;Cambodia
8;12;2020;2;0;Cambodia
7;12;2020;2;0;Cambodia
6;12;2020;1;0;Cambodia
5;12;2020;14;0;Cambodia
4;12;2020;0;0;Cambodia
3;12;2020;2;0;Cambodia
2;12;2020;3;0;Cambodia
1;12;2020;3;0;Cambodia
14;12;2020;0;0;Cameroon
13;12;2020;0;0;Cameroon
12;12;2020;56;0;Cameroon
11;12;2020;124;0;Cameroon
10;12;2020;211;0;Cameroon
9;12;2020;0;0;Cameroon
8;12;2020;0;0;Cameroon
7;12;2020;0;0;Cameroon
6;12;2020;0;0;Cameroon
5;12;2020;265;2;Cameroon
4;12;2020;0;0;Cameroon
3;12;2020;0;0;Cameroon
2;12;2020;42;4;Cameroon
1;12;2020;328;0;Cameroon
14;12;2020;5891;81;Canada
13;12;2020;6011;99;Canada
12;12;2020;6772;142;Canada
11;12;2020;6739;126;Canada
10;12;2020;6295;116;Canada
9;12;2020;5981;90;Canada
8;12;2020;7872;112;Canada
7;12;2020;6261;76;Canada
6;12;2020;6352;93;Canada
5;12;2020;6299;89;Canada
4;12;2020;6495;82;Canada
3;12;2020;6307;114;Canada
2;12;2020;5329;81;Canada
1;12;2020;7861;98;Canada
14;12;2020;55;0;Cape_Verde
13;12;2020;40;0;Cape_Verde
12;12;2020;59;1;Cape_Verde
11;12;2020;11;0;Cape_Verde
10;12;2020;74;0;Cape_Verde
9;12;2020;55;0;Cape_Verde
8;12;2020;0;0;Cape_Verde
7;12;2020;27;0;Cape_Verde
6;12;2020;40;1;Cape_Verde
5;12;2020;58;1;Cape_Verde
4;12;2020;71;1;Cape_Verde
3;12;2020;51;0;Cape_Verde
2;12;2020;290;2;Cape_Verde
1;12;2020;0;0;Cape_Verde
14;12;2020;0;0;Cayman_Islands
13;12;2020;0;0;Cayman_Islands
12;12;2020;6;0;Cayman_Islands
11;12;2020;0;0;Cayman_Islands
10;12;2020;1;0;Cayman_Islands
9;12;2020;1;0;Cayman_Islands
8;12;2020;2;0;Cayman_Islands
7;12;2020;0;0;Cayman_Islands
6;12;2020;0;0;Cayman_Islands
5;12;2020;0;0;Cayman_Islands
4;12;2020;3;0;Cayman_Islands
3;12;2020;0;0;Cayman_Islands
2;12;2020;3;0;Cayman_Islands
1;12;2020;8;0;Cayman_Islands
14;12;2020;0;0;Central_African_Republic
13;12;2020;0;0;Central_African_Republic
12;12;2020;4;0;Central_African_Republic
11;12;2020;5;0;Central_African_Republic
10;12;2020;0;0;Central_African_Republic
9;12;2020;5;0;Central_African_Republic
8;12;2020;0;0;Central_African_Republic
7;12;2020;0;0;Central_African_Republic
6;12;2020;4;0;Central_African_Republic
5;12;2020;0;0;Central_African_Republic
4;12;2020;0;0;Central_African_Republic
3;12;2020;0;0;Central_African_Republic
2;12;2020;5;0;Central_African_Republic
1;12;2020;0;0;Central_African_Republic
14;12;2020;19;0;Chad
13;12;2020;6;0;Chad
12;12;2020;6;0;Chad
11;12;2020;7;0;Chad
10;12;2020;3;0;Chad
9;12;2020;1;0;Chad
8;12;2020;3;0;Chad
7;12;2020;3;0;Chad
6;12;2020;3;0;Chad
5;12;2020;11;0;Chad
4;12;2020;3;0;Chad
3;12;2020;5;0;Chad
2;12;2020;12;1;Chad
1;12;2020;6;0;Chad
14;12;2020;2138;40;Chile
13;12;2020;1807;64;Chile
12;12;2020;1534;8;Chile
11;12;2020;1662;84;Chile
10;12;2020;1244;10;Chile
9;12;2020;1392;17;Chile
8;12;2020;1760;35;Chile
7;12;2020;1714;36;Chile
6;12;2020;1533;34;Chile
5;12;2020;1729;39;Chile
4;12;2020;1508;81;Chile
3;12;2020;1034;8;Chile
2;12;2020;1121;20;Chile
1;12;2020;1313;54;Chile
14;12;2020;12;0;China
13;12;2020;24;0;China
12;12;2020;13;0;China
11;12;2020;15;0;China
10;12;2020;12;0;China
9;12;2020;15;0;China
8;12;2020;12;0;China
7;12;2020;15;0;China
6;12;2020;18;0;China
5;12;2020;17;0;China
4;12;2020;17;0;China
3;12;2020;16;0;China
2;12;2020;9;0;China
1;12;2020;12;0;China
14;12;2020;8702;187;Colombia
13;12;2020;8163;197;Colombia
12;12;2020;8998;185;Colombia
11;12;2020;7778;176;Colombia
10;12;2020;7523;150;Colombia
9;12;2020;7510;163;Colombia
8;12;2020;5997;187;Colombia
7;12;2020;8854;175;Colombia
6;12;2020;9642;166;Colombia
5;12;2020;9285;162;Colombia
4;12;2020;9233;188;Colombia
3;12;2020;9297;183;Colombia
2;12;2020;7986;168;Colombia
1;12;2020;8430;182;Colombia
14;12;2020;0;0;Comoros
13;12;2020;11;0;Comoros
12;12;2020;0;0;Comoros
11;12;2020;0;0;Comoros
10;12;2020;0;0;Comoros
9;12;2020;1;0;Comoros
8;12;2020;0;0;Comoros
7;12;2020;0;0;Comoros
6;12;2020;1;0;Comoros
5;12;2020;0;0;Comoros
4;12;2020;2;0;Comoros
3;12;2020;0;0;Comoros
2;12;2020;2;0;Comoros
1;12;2020;0;0;Comoros
14;12;2020;0;0;Congo
13;12;2020;0;0;Congo
12;12;2020;0;0;Congo
11;12;2020;0;0;Congo
10;12;2020;275;5;Congo
9;12;2020;0;0;Congo
8;12;2020;0;0;Congo
7;12;2020;0;0;Congo
6;12;2020;0;0;Congo
5;12;2020;0;0;Congo
4;12;2020;0;0;Congo
3;12;2020;0;0;Congo
2;12;2020;0;0;Congo
1;12;2020;0;0;Congo
14;12;2020;0;0;Costa_Rica
13;12;2020;0;0;Costa_Rica
12;12;2020;1132;13;Costa_Rica
11;12;2020;1127;18;Costa_Rica
10;12;2020;1258;18;Costa_Rica
9;12;2020;1009;21;Costa_Rica
8;12;2020;2736;52;Costa_Rica
7;12;2020;0;0;Costa_Rica
6;12;2020;0;0;Costa_Rica
5;12;2020;1180;16;Costa_Rica
4;12;2020;1165;18;Costa_Rica
3;12;2020;1168;8;Costa_Rica
2;12;2020;534;5;Costa_Rica
1;12;2020;2545;36;Costa_Rica
14;12;2020;41;0;Cote_dIvoire
13;12;2020;21;0;Cote_dIvoire
12;12;2020;28;0;Cote_dIvoire
11;12;2020;43;0;Cote_dIvoire
10;12;2020;34;1;Cote_dIvoire
9;12;2020;6;0;Cote_dIvoire
8;12;2020;22;0;Cote_dIvoire
7;12;2020;44;0;Cote_dIvoire
6;12;2020;29;0;Cote_dIvoire
5;12;2020;23;0;Cote_dIvoire
4;12;2020;28;0;Cote_dIvoire
3;12;2020;27;0;Cote_dIvoire
2;12;2020;3;0;Cote_dIvoire
1;12;2020;21;1;Cote_dIvoire
14;12;2020;3363;78;Croatia
13;12;2020;4135;78;Croatia
12;12;2020;4396;64;Croatia
11;12;2020;4620;53;Croatia
10;12;2020;4520;69;Croatia
9;12;2020;2613;65;Croatia
8;12;2020;1886;59;Croatia
7;12;2020;2899;72;Croatia
6;12;2020;4084;70;Croatia
5;12;2020;3955;68;Croatia
4;12;2020;4534;48;Croatia
3;12;2020;3539;55;Croatia
2;12;2020;2900;75;Croatia
1;12;2020;1830;74;Croatia
14;12;2020;69;0;Cuba
13;12;2020;87;1;Cuba
12;12;2020;86;0;Cuba
11;12;2020;75;0;Cuba
10;12;2020;124;0;Cuba
9;12;2020;76;0;Cuba
8;12;2020;124;0;Cuba
7;12;2020;68;0;Cuba
6;12;2020;104;0;Cuba
5;12;2020;79;0;Cuba
4;12;2020;75;0;Cuba
3;12;2020;75;0;Cuba
2;12;2020;97;1;Cuba
1;12;2020;51;1;Cuba
14;12;2020;48;1;Cura?브o
13;12;2020;172;2;Cura?브o
12;12;2020;79;0;Cura?브o
11;12;2020;79;0;Cura?브o
10;12;2020;72;0;Cura?브o
9;12;2020;38;1;Cura?브o
8;12;2020;0;0;Cura?브o
7;12;2020;125;0;Cura?브o
6;12;2020;121;0;Cura?브o
5;12;2020;150;0;Cura?브o
4;12;2020;82;0;Cura?브o
3;12;2020;155;0;Cura?브o
2;12;2020;124;3;Cura?브o
1;12;2020;15;0;Cura?브o
14;12;2020;301;1;Cyprus
13;12;2020;324;2;Cyprus
12;12;2020;424;3;Cyprus
11;12;2020;403;2;Cyprus
10;12;2020;363;2;Cyprus
9;12;2020;419;5;Cyprus
8;12;2020;416;2;Cyprus
7;12;2020;270;2;Cyprus
6;12;2020;369;2;Cyprus
5;12;2020;289;3;Cyprus
4;12;2020;348;2;Cyprus
3;12;2020;292;3;Cyprus
2;12;2020;318;0;Cyprus
1;12;2020;182;1;Cyprus
14;12;2020;2000;74;Czechia
13;12;2020;3657;85;Czechia
12;12;2020;6217;109;Czechia
11;12;2020;5872;115;Czechia
10;12;2020;6406;90;Czechia
9;12;2020;5857;100;Czechia
8;12;2020;4237;134;Czechia
7;12;2020;2654;87;Czechia
6;12;2020;1773;77;Czechia
5;12;2020;4743;97;Czechia
4;12;2020;4621;126;Czechia
3;12;2020;4568;108;Czechia
2;12;2020;5176;112;Czechia
1;12;2020;3575;157;Czechia
14;12;2020;52;4;Democratic_Republic_of_the_Congo
13;12;2020;119;0;Democratic_Republic_of_the_Congo
12;12;2020;172;2;Democratic_Republic_of_the_Congo
11;12;2020;173;0;Democratic_Republic_of_the_Congo
10;12;2020;154;0;Democratic_Republic_of_the_Congo
9;12;2020;93;6;Democratic_Republic_of_the_Congo
8;12;2020;155;0;Democratic_Republic_of_the_Congo
7;12;2020;67;0;Democratic_Republic_of_the_Congo
6;12;2020;213;6;Democratic_Republic_of_the_Congo
5;12;2020;33;0;Democratic_Republic_of_the_Congo
4;12;2020;149;0;Democratic_Republic_of_the_Congo
3;12;2020;145;1;Democratic_Republic_of_the_Congo
2;12;2020;128;1;Democratic_Republic_of_the_Congo
1;12;2020;158;3;Democratic_Republic_of_the_Congo
14;12;2020;2642;6;Denmark
13;12;2020;3552;8;Denmark
12;12;2020;3075;9;Denmark
11;12;2020;3132;14;Denmark
10;12;2020;2558;3;Denmark
9;12;2020;2150;7;Denmark
8;12;2020;2046;9;Denmark
7;12;2020;1745;7;Denmark
6;12;2020;2115;11;Denmark
5;12;2020;1603;9;Denmark
4;12;2020;1605;6;Denmark
3;12;2020;1586;6;Denmark
2;12;2020;1468;9;Denmark
1;12;2020;1129;8;Denmark
14;12;2020;3;0;Djibouti
13;12;2020;4;0;Djibouti
12;12;2020;4;0;Djibouti
11;12;2020;0;0;Djibouti
10;12;2020;3;0;Djibouti
9;12;2020;6;0;Djibouti
8;12;2020;7;0;Djibouti
7;12;2020;9;0;Djibouti
6;12;2020;2;0;Djibouti
5;12;2020;1;0;Djibouti
4;12;2020;7;0;Djibouti
3;12;2020;2;0;Djibouti
2;12;2020;1;0;Djibouti
1;12;2020;2;0;Djibouti
14;12;2020;0;0;Dominica
13;12;2020;0;0;Dominica
12;12;2020;2;0;Dominica
11;12;2020;0;0;Dominica
10;12;2020;0;0;Dominica
9;12;2020;0;0;Dominica
8;12;2020;0;0;Dominica
7;12;2020;0;0;Dominica
6;12;2020;0;0;Dominica
5;12;2020;0;0;Dominica
4;12;2020;0;0;Dominica
3;12;2020;0;0;Dominica
2;12;2020;0;0;Dominica
1;12;2020;0;0;Dominica
14;12;2020;1107;1;Dominican_Republic
13;12;2020;1133;1;Dominican_Republic
12;12;2020;731;1;Dominican_Republic
11;12;2020;1560;8;Dominican_Republic
10;12;2020;531;3;Dominican_Republic
9;12;2020;492;1;Dominican_Republic
8;12;2020;685;1;Dominican_Republic
7;12;2020;798;0;Dominican_Republic
6;12;2020;975;2;Dominican_Republic
5;12;2020;671;8;Dominican_Republic
4;12;2020;812;1;Dominican_Republic
3;12;2020;895;1;Dominican_Republic
2;12;2020;314;2;Dominican_Republic
1;12;2020;515;1;Dominican_Republic
14;12;2020;586;1;Ecuador
13;12;2020;759;16;Ecuador
12;12;2020;386;8;Ecuador
11;12;2020;1151;36;Ecuador
10;12;2020;476;20;Ecuador
9;12;2020;508;14;Ecuador
8;12;2020;246;2;Ecuador
7;12;2020;607;22;Ecuador
6;12;2020;909;60;Ecuador
5;12;2020;598;84;Ecuador
4;12;2020;1008;50;Ecuador
3;12;2020;1203;61;Ecuador
2;12;2020;988;40;Ecuador
1;12;2020;568;38;Ecuador
14;12;2020;486;22;Egypt
13;12;2020;478;21;Egypt
12;12;2020;464;23;Egypt
11;12;2020;445;22;Egypt
10;12;2020;421;19;Egypt
9;12;2020;434;23;Egypt
8;12;2020;415;19;Egypt
7;12;2020;418;21;Egypt
6;12;2020;431;18;Egypt
5;12;2020;427;19;Egypt
4;12;2020;432;19;Egypt
3;12;2020;421;28;Egypt
2;12;2020;392;16;Egypt
1;12;2020;370;14;Egypt
14;12;2020;486;5;El_Salvador
13;12;2020;231;7;El_Salvador
12;12;2020;422;7;El_Salvador
11;12;2020;0;6;El_Salvador
10;12;2020;0;6;El_Salvador
9;12;2020;396;10;El_Salvador
8;12;2020;0;0;El_Salvador
7;12;2020;214;5;El_Salvador
6;12;2020;413;6;El_Salvador
5;12;2020;0;11;El_Salvador
4;12;2020;588;8;El_Salvador
3;12;2020;0;5;El_Salvador
2;12;2020;189;15;El_Salvador
1;12;2020;536;0;El_Salvador
14;12;2020;0;0;Equatorial_Guinea
13;12;2020;0;0;Equatorial_Guinea
12;12;2020;2;0;Equatorial_Guinea
11;12;2020;0;0;Equatorial_Guinea
10;12;2020;17;0;Equatorial_Guinea
9;12;2020;0;0;Equatorial_Guinea
8;12;2020;0;0;Equatorial_Guinea
7;12;2020;7;0;Equatorial_Guinea
6;12;2020;0;0;Equatorial_Guinea
5;12;2020;0;0;Equatorial_Guinea
4;12;2020;0;0;Equatorial_Guinea
3;12;2020;3;0;Equatorial_Guinea
2;12;2020;3;0;Equatorial_Guinea
1;12;2020;0;0;Equatorial_Guinea
14;12;2020;0;0;Eritrea
13;12;2020;55;0;Eritrea
12;12;2020;0;0;Eritrea
11;12;2020;7;0;Eritrea
10;12;2020;0;0;Eritrea
9;12;2020;0;0;Eritrea
8;12;2020;17;0;Eritrea
7;12;2020;0;0;Eritrea
6;12;2020;0;0;Eritrea
5;12;2020;38;0;Eritrea
4;12;2020;17;0;Eritrea
3;12;2020;0;0;Eritrea
2;12;2020;0;0;Eritrea
1;12;2020;0;0;Eritrea
14;12;2020;342;1;Estonia
13;12;2020;757;6;Estonia
12;12;2020;358;1;Estonia
11;12;2020;544;2;Estonia
10;12;2020;544;2;Estonia
9;12;2020;284;3;Estonia
8;12;2020;248;3;Estonia
7;12;2020;478;5;Estonia
6;12;2020;561;1;Estonia
5;12;2020;470;2;Estonia
4;12;2020;450;1;Estonia
3;12;2020;522;1;Estonia
2;12;2020;189;3;Estonia
1;12;2020;256;6;Estonia
14;12;2020;54;0;Eswatini
13;12;2020;29;1;Eswatini
12;12;2020;52;0;Eswatini
11;12;2020;21;1;Eswatini
10;12;2020;49;1;Eswatini
9;12;2020;34;1;Eswatini
8;12;2020;28;1;Eswatini
7;12;2020;6;0;Eswatini
6;12;2020;15;0;Eswatini
5;12;2020;6;0;Eswatini
4;12;2020;19;0;Eswatini
3;12;2020;13;0;Eswatini
2;12;2020;23;0;Eswatini
1;12;2020;9;1;Eswatini
14;12;2020;472;3;Ethiopia
13;12;2020;515;12;Ethiopia
12;12;2020;422;12;Ethiopia
11;12;2020;526;10;Ethiopia
10;12;2020;568;3;Ethiopia
9;12;2020;531;11;Ethiopia
8;12;2020;440;8;Ethiopia
7;12;2020;555;2;Ethiopia
6;12;2020;649;11;Ethiopia
5;12;2020;512;10;Ethiopia
4;12;2020;595;9;Ethiopia
3;12;2020;430;6;Ethiopia
2;12;2020;480;3;Ethiopia
1;12;2020;540;6;Ethiopia
14;12;2020;0;0;Falkland_Islands_(Malvinas)
13;12;2020;0;0;Falkland_Islands_(Malvinas)
12;12;2020;0;0;Falkland_Islands_(Malvinas)
11;12;2020;2;0;Falkland_Islands_(Malvinas)
10;12;2020;0;0;Falkland_Islands_(Malvinas)
9;12;2020;0;0;Falkland_Islands_(Malvinas)
8;12;2020;0;0;Falkland_Islands_(Malvinas)
7;12;2020;0;0;Falkland_Islands_(Malvinas)
6;12;2020;0;0;Falkland_Islands_(Malvinas)
5;12;2020;0;0;Falkland_Islands_(Malvinas)
4;12;2020;0;0;Falkland_Islands_(Malvinas)
3;12;2020;0;0;Falkland_Islands_(Malvinas)
2;12;2020;0;0;Falkland_Islands_(Malvinas)
1;12;2020;0;0;Falkland_Islands_(Malvinas)
14;12;2020;3;0;Faroe_Islands
13;12;2020;5;0;Faroe_Islands
12;12;2020;1;0;Faroe_Islands
11;12;2020;0;0;Faroe_Islands
10;12;2020;5;0;Faroe_Islands
9;12;2020;4;0;Faroe_Islands
8;12;2020;0;0;Faroe_Islands
7;12;2020;4;0;Faroe_Islands
6;12;2020;1;0;Faroe_Islands
5;12;2020;0;0;Faroe_Islands
4;12;2020;2;0;Faroe_Islands
3;12;2020;0;0;Faroe_Islands
2;12;2020;0;0;Faroe_Islands
1;12;2020;1;0;Faroe_Islands
14;12;2020;2;0;Fiji
13;12;2020;0;0;Fiji
12;12;2020;0;0;Fiji
11;12;2020;0;0;Fiji
10;12;2020;0;0;Fiji
9;12;2020;0;0;Fiji
8;12;2020;0;0;Fiji
7;12;2020;0;0;Fiji
6;12;2020;0;0;Fiji
5;12;2020;0;0;Fiji
4;12;2020;2;0;Fiji
3;12;2020;0;0;Fiji
2;12;2020;0;0;Fiji
1;12;2020;0;0;Fiji
14;12;2020;360;0;Finland
13;12;2020;377;0;Finland
12;12;2020;501;11;Finland
11;12;2020;840;9;Finland
10;12;2020;490;8;Finland
9;12;2020;361;1;Finland
8;12;2020;250;9;Finland
7;12;2020;413;0;Finland
6;12;2020;460;0;Finland
5;12;2020;316;7;Finland
4;12;2020;560;0;Finland
3;12;2020;420;9;Finland
2;12;2020;550;0;Finland
1;12;2020;283;6;Finland
14;12;2020;11533;150;France
13;12;2020;13947;194;France
12;12;2020;13406;627;France
11;12;2020;13750;292;France
10;12;2020;14595;296;France
9;12;2020;13713;831;France
8;12;2020;3411;366;France
7;12;2020;11022;174;France
6;12;2020;12923;214;France
5;12;2020;11221;627;France
4;12;2020;12696;324;France
3;12;2020;14064;310;France
2;12;2020;8083;775;France
1;12;2020;4005;406;France
14;12;2020;0;0;French_Polynesia
13;12;2020;0;0;French_Polynesia
12;12;2020;83;0;French_Polynesia
11;12;2020;203;5;French_Polynesia
10;12;2020;0;0;French_Polynesia
9;12;2020;225;7;French_Polynesia
8;12;2020;0;0;French_Polynesia
7;12;2020;0;0;French_Polynesia
6;12;2020;210;1;French_Polynesia
5;12;2020;181;1;French_Polynesia
4;12;2020;157;1;French_Polynesia
3;12;2020;187;1;French_Polynesia
2;12;2020;276;2;French_Polynesia
1;12;2020;0;0;French_Polynesia
14;12;2020;0;0;Gabon
13;12;2020;0;0;Gabon
12;12;2020;30;1;Gabon
11;12;2020;0;0;Gabon
10;12;2020;22;2;Gabon
9;12;2020;0;0;Gabon
8;12;2020;24;0;Gabon
7;12;2020;0;0;Gabon
6;12;2020;0;0;Gabon
5;12;2020;15;0;Gabon
4;12;2020;0;0;Gabon
3;12;2020;25;0;Gabon
2;12;2020;0;0;Gabon
1;12;2020;23;1;Gabon
14;12;2020;2;0;Gambia
13;12;2020;1;0;Gambia
12;12;2020;0;0;Gambia
11;12;2020;3;0;Gambia
10;12;2020;4;0;Gambia
9;12;2020;2;0;Gambia
8;12;2020;0;0;Gambia
7;12;2020;0;0;Gambia
6;12;2020;3;0;Gambia
5;12;2020;0;0;Gambia
4;12;2020;2;0;Gambia
3;12;2020;22;0;Gambia
2;12;2020;1;0;Gambia
1;12;2020;8;0;Gambia
14;12;2020;1337;49;Georgia
13;12;2020;2720;46;Georgia
12;12;2020;3907;50;Georgia
11;12;2020;4146;37;Georgia
10;12;2020;4570;43;Georgia
9;12;2020;4734;38;Georgia
8;12;2020;4673;36;Georgia
7;12;2020;2501;36;Georgia
6;12;2020;4321;42;Georgia
5;12;2020;5450;37;Georgia
4;12;2020;5068;38;Georgia
3;12;2020;4260;45;Georgia
2;12;2020;4033;39;Georgia
1;12;2020;3759;36;Georgia
14;12;2020;16362;188;Germany
13;12;2020;20200;321;Germany
12;12;2020;28438;496;Germany
11;12;2020;29875;598;Germany
10;12;2020;23679;440;Germany
9;12;2020;20815;590;Germany
8;12;2020;14055;423;Germany
7;12;2020;12332;147;Germany
6;12;2020;17767;255;Germany
5;12;2020;23318;483;Germany
4;12;2020;23448;432;Germany
3;12;2020;22046;479;Germany
2;12;2020;17270;487;Germany
1;12;2020;13604;388;Germany
14;12;2020;81;0;Ghana
13;12;2020;195;1;Ghana
12;12;2020;0;0;Ghana
11;12;2020;116;0;Ghana
10;12;2020;122;0;Ghana
9;12;2020;226;1;Ghana
8;12;2020;0;0;Ghana
7;12;2020;76;0;Ghana
6;12;2020;102;0;Ghana
5;12;2020;429;2;Ghana
4;12;2020;0;0;Ghana
3;12;2020;0;0;Ghana
2;12;2020;0;0;Ghana
1;12;2020;98;0;Ghana
14;12;2020;3;0;Gibraltar
13;12;2020;2;0;Gibraltar
12;12;2020;1;0;Gibraltar
11;12;2020;4;0;Gibraltar
10;12;2020;7;0;Gibraltar
9;12;2020;3;0;Gibraltar
8;12;2020;2;0;Gibraltar
7;12;2020;5;0;Gibraltar
6;12;2020;6;0;Gibraltar
5;12;2020;4;0;Gibraltar
4;12;2020;3;0;Gibraltar
3;12;2020;5;0;Gibraltar
2;12;2020;10;0;Gibraltar
1;12;2020;6;0;Gibraltar
14;12;2020;692;85;Greece
13;12;2020;1194;68;Greece
12;12;2020;1395;102;Greece
11;12;2020;1533;81;Greece
10;12;2020;1675;95;Greece
9;12;2020;1324;102;Greece
8;12;2020;1250;89;Greece
7;12;2020;903;101;Greece
6;12;2020;1383;98;Greece
5;12;2020;1648;98;Greece
4;12;2020;1882;100;Greece
3;12;2020;2185;89;Greece
2;12;2020;2199;111;Greece
1;12;2020;1044;85;Greece
14;12;2020;0;0;Greenland
13;12;2020;0;0;Greenland
12;12;2020;0;0;Greenland
11;12;2020;0;0;Greenland
10;12;2020;0;0;Greenland
9;12;2020;1;0;Greenland
8;12;2020;0;0;Greenland
7;12;2020;0;0;Greenland
6;12;2020;0;0;Greenland
5;12;2020;0;0;Greenland
4;12;2020;0;0;Greenland
3;12;2020;0;0;Greenland
2;12;2020;0;0;Greenland
1;12;2020;0;0;Greenland
14;12;2020;26;0;Grenada
13;12;2020;0;0;Grenada
12;12;2020;0;0;Grenada
11;12;2020;0;0;Grenada
10;12;2020;0;0;Grenada
9;12;2020;2;0;Grenada
8;12;2020;0;0;Grenada
7;12;2020;0;0;Grenada
6;12;2020;0;0;Grenada
5;12;2020;0;0;Grenada
4;12;2020;0;0;Grenada
3;12;2020;0;0;Grenada
2;12;2020;0;0;Grenada
1;12;2020;0;0;Grenada
14;12;2020;16;1;Guam
13;12;2020;0;0;Guam
12;12;2020;38;2;Guam
11;12;2020;13;2;Guam
10;12;2020;13;0;Guam
9;12;2020;7;0;Guam
8;12;2020;15;0;Guam
7;12;2020;0;0;Guam
6;12;2020;45;0;Guam
5;12;2020;17;1;Guam
4;12;2020;22;0;Guam
3;12;2020;31;0;Guam
2;12;2020;37;0;Guam
1;12;2020;34;0;Guam
14;12;2020;183;18;Guatemala
13;12;2020;558;29;Guatemala
12;12;2020;755;31;Guatemala
11;12;2020;659;34;Guatemala
10;12;2020;654;25;Guatemala
9;12;2020;799;12;Guatemala
8;12;2020;124;24;Guatemala
7;12;2020;198;11;Guatemala
6;12;2020;547;15;Guatemala
5;12;2020;752;15;Guatemala
4;12;2020;593;18;Guatemala
3;12;2020;686;13;Guatemala
2;12;2020;712;7;Guatemala
1;12;2020;91;5;Guatemala
14;12;2020;0;0;Guernsey
13;12;2020;0;0;Guernsey
12;12;2020;0;0;Guernsey
11;12;2020;0;0;Guernsey
10;12;2020;1;0;Guernsey
9;12;2020;0;0;Guernsey
8;12;2020;0;0;Guernsey
7;12;2020;0;0;Guernsey
6;12;2020;0;0;Guernsey
5;12;2020;0;0;Guernsey
4;12;2020;1;0;Guernsey
3;12;2020;0;0;Guernsey
2;12;2020;0;0;Guernsey
1;12;2020;1;0;Guernsey
14;12;2020;0;0;Guinea
13;12;2020;22;0;Guinea
12;12;2020;30;0;Guinea
11;12;2020;43;0;Guinea
10;12;2020;61;0;Guinea
9;12;2020;0;0;Guinea
8;12;2020;31;3;Guinea
7;12;2020;0;0;Guinea
6;12;2020;47;0;Guinea
5;12;2020;0;0;Guinea
4;12;2020;43;0;Guinea
3;12;2020;24;0;Guinea
2;12;2020;0;0;Guinea
1;12;2020;80;0;Guinea
14;12;2020;0;0;Guinea_Bissau
13;12;2020;0;0;Guinea_Bissau
12;12;2020;0;0;Guinea_Bissau
11;12;2020;0;0;Guinea_Bissau
10;12;2020;2;0;Guinea_Bissau
9;12;2020;0;0;Guinea_Bissau
8;12;2020;0;0;Guinea_Bissau
7;12;2020;0;0;Guinea_Bissau
6;12;2020;0;0;Guinea_Bissau
5;12;2020;0;0;Guinea_Bissau
4;12;2020;0;0;Guinea_Bissau
3;12;2020;0;0;Guinea_Bissau
2;12;2020;1;0;Guinea_Bissau
1;12;2020;19;1;Guinea_Bissau
14;12;2020;41;1;Guyana
13;12;2020;40;0;Guyana
12;12;2020;28;0;Guyana
11;12;2020;79;0;Guyana
10;12;2020;32;0;Guyana
9;12;2020;3;0;Guyana
8;12;2020;32;1;Guyana
7;12;2020;28;2;Guyana
6;12;2020;36;0;Guyana
5;12;2020;73;0;Guyana
4;12;2020;79;0;Guyana
3;12;2020;26;0;Guyana
2;12;2020;17;0;Guyana
1;12;2020;30;1;Guyana
14;12;2020;74;1;Haiti
13;12;2020;0;0;Haiti
12;12;2020;26;0;Haiti
11;12;2020;66;0;Haiti
10;12;2020;10;0;Haiti
9;12;2020;0;0;Haiti
8;12;2020;19;0;Haiti
7;12;2020;0;0;Haiti
6;12;2020;23;0;Haiti
5;12;2020;34;0;Haiti
4;12;2020;17;0;Haiti
3;12;2020;0;0;Haiti
2;12;2020;32;1;Haiti
1;12;2020;0;0;Haiti
14;12;2020;0;0;Holy_See
13;12;2020;0;0;Holy_See
12;12;2020;0;0;Holy_See
11;12;2020;0;0;Holy_See
10;12;2020;0;0;Holy_See
9;12;2020;0;0;Holy_See
8;12;2020;0;0;Holy_See
7;12;2020;0;0;Holy_See
6;12;2020;0;0;Holy_See
5;12;2020;0;0;Holy_See
4;12;2020;0;0;Holy_See
3;12;2020;0;0;Holy_See
2;12;2020;0;0;Holy_See
1;12;2020;0;0;Holy_See
14;12;2020;316;1;Honduras
13;12;2020;335;3;Honduras
12;12;2020;501;3;Honduras
11;12;2020;415;7;Honduras
10;12;2020;617;9;Honduras
9;12;2020;1152;6;Honduras
8;12;2020;0;0;Honduras
7;12;2020;300;1;Honduras
6;12;2020;763;4;Honduras
5;12;2020;200;3;Honduras
4;12;2020;616;8;Honduras
3;12;2020;503;3;Honduras
2;12;2020;388;9;Honduras
1;12;2020;365;9;Honduras
14;12;2020;3470;165;Hungary
13;12;2020;4153;181;Hungary
12;12;2020;5047;162;Hungary
11;12;2020;6197;171;Hungary
10;12;2020;5415;171;Hungary
9;12;2020;3221;160;Hungary
8;12;2020;2219;136;Hungary
7;12;2020;3870;116;Hungary
6;12;2020;6697;162;Hungary
5;12;2020;5525;193;Hungary
4;12;2020;6212;189;Hungary
3;12;2020;6635;182;Hungary
2;12;2020;4136;165;Hungary
1;12;2020;3951;154;Hungary
14;12;2020;5;0;Iceland
13;12;2020;13;0;Iceland
12;12;2020;15;0;Iceland
11;12;2020;8;0;Iceland
10;12;2020;10;0;Iceland
9;12;2020;10;1;Iceland
8;12;2020;14;0;Iceland
7;12;2020;6;0;Iceland
6;12;2020;14;0;Iceland
5;12;2020;14;0;Iceland
4;12;2020;15;0;Iceland
3;12;2020;20;0;Iceland
2;12;2020;21;1;Iceland
1;12;2020;11;0;Iceland
14;12;2020;27071;336;India
13;12;2020;30254;391;India
12;12;2020;30006;442;India
11;12;2020;29398;414;India
10;12;2020;31521;412;India
9;12;2020;32080;402;India
8;12;2020;26567;385;India
7;12;2020;32981;391;India
6;12;2020;36011;482;India
5;12;2020;36652;512;India
4;12;2020;36595;540;India
3;12;2020;35551;526;India
2;12;2020;36604;501;India
1;12;2020;31118;482;India
14;12;2020;6189;166;Indonesia
13;12;2020;6388;142;Indonesia
12;12;2020;6310;175;Indonesia
11;12;2020;6033;165;Indonesia
10;12;2020;6058;171;Indonesia
9;12;2020;5292;133;Indonesia
8;12;2020;5754;127;Indonesia
7;12;2020;6089;151;Indonesia
6;12;2020;6027;110;Indonesia
5;12;2020;5803;124;Indonesia
4;12;2020;8369;156;Indonesia
3;12;2020;5533;118;Indonesia
2;12;2020;5092;136;Indonesia
1;12;2020;4617;130;Indonesia
14;12;2020;7451;247;Iran
13;12;2020;8201;221;Iran
12;12;2020;9594;232;Iran
11;12;2020;10403;284;Iran
10;12;2020;10223;295;Iran
9;12;2020;11023;323;Iran
8;12;2020;10827;284;Iran
7;12;2020;11561;294;Iran
6;12;2020;12151;321;Iran
5;12;2020;13341;347;Iran
4;12;2020;13922;358;Iran
3;12;2020;13621;362;Iran
2;12;2020;13881;382;Iran
1;12;2020;13321;371;Iran
14;12;2020;1012;14;Iraq
13;12;2020;1022;16;Iraq
12;12;2020;1347;23;Iraq
11;12;2020;1380;25;Iraq
10;12;2020;1735;24;Iraq
9;12;2020;2123;17;Iraq
8;12;2020;1815;28;Iraq
7;12;2020;1680;21;Iraq
6;12;2020;1898;24;Iraq
5;12;2020;1855;26;Iraq
4;12;2020;2039;21;Iraq
3;12;2020;1961;34;Iraq
2;12;2020;2218;48;Iraq
1;12;2020;2114;34;Iraq
14;12;2020;429;1;Ireland
13;12;2020;249;3;Ireland
12;12;2020;304;3;Ireland
11;12;2020;303;15;Ireland
10;12;2020;218;5;Ireland
9;12;2020;214;0;Ireland
8;12;2020;222;0;Ireland
7;12;2020;298;0;Ireland
6;12;2020;457;11;Ireland
5;12;2020;263;6;Ireland
4;12;2020;162;6;Ireland
3;12;2020;268;5;Ireland
2;12;2020;254;16;Ireland
1;12;2020;303;1;Ireland
14;12;2020;0;0;Isle_of_Man
13;12;2020;0;0;Isle_of_Man
12;12;2020;0;0;Isle_of_Man
11;12;2020;0;0;Isle_of_Man
10;12;2020;0;0;Isle_of_Man
9;12;2020;0;0;Isle_of_Man
8;12;2020;0;0;Isle_of_Man
7;12;2020;0;0;Isle_of_Man
6;12;2020;0;0;Isle_of_Man
5;12;2020;1;0;Isle_of_Man
4;12;2020;0;0;Isle_of_Man
3;12;2020;0;0;Isle_of_Man
2;12;2020;0;0;Isle_of_Man
1;12;2020;0;0;Isle_of_Man
14;12;2020;1844;16;Israel
13;12;2020;2746;14;Israel
12;12;2020;409;7;Israel
11;12;2020;1856;28;Israel
10;12;2020;2036;2;Israel
9;12;2020;1637;8;Israel
8;12;2020;2130;7;Israel
7;12;2020;1135;8;Israel
6;12;2020;1965;13;Israel
5;12;2020;557;5;Israel
4;12;2020;1605;8;Israel
3;12;2020;1348;6;Israel
2;12;2020;1218;12;Israel
1;12;2020;1393;1;Israel
14;12;2020;17937;484;Italy
13;12;2020;19902;649;Italy
12;12;2020;18726;761;Italy
11;12;2020;16998;887;Italy
10;12;2020;12755;499;Italy
9;12;2020;14837;634;Italy
8;12;2020;13679;528;Italy
7;12;2020;18887;564;Italy
6;12;2020;21052;662;Italy
5;12;2020;24110;814;Italy
4;12;2020;23219;993;Italy
3;12;2020;20709;684;Italy
2;12;2020;19347;785;Italy
1;12;2020;16376;672;Italy
14;12;2020;102;2;Jamaica
13;12;2020;99;1;Jamaica
12;12;2020;66;0;Jamaica
11;12;2020;74;4;Jamaica
10;12;2020;98;1;Jamaica
9;12;2020;87;0;Jamaica
8;12;2020;64;0;Jamaica
7;12;2020;57;4;Jamaica
6;12;2020;76;1;Jamaica
5;12;2020;76;1;Jamaica
4;12;2020;47;1;Jamaica
3;12;2020;54;0;Jamaica
2;12;2020;47;1;Jamaica
1;12;2020;54;1;Jamaica
14;12;2020;2366;23;Japan
13;12;2020;2988;28;Japan
12;12;2020;2757;32;Japan
11;12;2020;2969;37;Japan
10;12;2020;2733;45;Japan
9;12;2020;1911;38;Japan
8;12;2020;1862;47;Japan
7;12;2020;1969;20;Japan
6;12;2020;2424;32;Japan
5;12;2020;2442;43;Japan
4;12;2020;2405;27;Japan
3;12;2020;2441;41;Japan
2;12;2020;1692;33;Japan
1;12;2020;1934;20;Japan
14;12;2020;91;0;Jersey
13;12;2020;51;0;Jersey
12;12;2020;82;0;Jersey
11;12;2020;58;0;Jersey
10;12;2020;37;0;Jersey
9;12;2020;72;0;Jersey
8;12;2020;31;0;Jersey
7;12;2020;96;0;Jersey
6;12;2020;23;0;Jersey
5;12;2020;68;0;Jersey
4;12;2020;60;0;Jersey
3;12;2020;56;0;Jersey
2;12;2020;42;0;Jersey
1;12;2020;84;0;Jersey
14;12;2020;2339;30;Jordan
13;12;2020;1816;49;Jordan
12;12;2020;2338;36;Jordan
11;12;2020;2902;44;Jordan
10;12;2020;3088;44;Jordan
9;12;2020;3062;46;Jordan
8;12;2020;3980;60;Jordan
7;12;2020;2576;46;Jordan
6;12;2020;3160;50;Jordan
5;12;2020;3116;51;Jordan
4;12;2020;4029;55;Jordan
3;12;2020;3591;52;Jordan
2;12;2020;4187;51;Jordan
1;12;2020;5123;57;Jordan
14;12;2020;764;0;Kazakhstan
13;12;2020;956;1;Kazakhstan
12;12;2020;927;1;Kazakhstan
11;12;2020;973;4;Kazakhstan
10;12;2020;936;2;Kazakhstan
9;12;2020;944;54;Kazakhstan
8;12;2020;688;2;Kazakhstan
7;12;2020;745;0;Kazakhstan
6;12;2020;966;4;Kazakhstan
5;12;2020;992;46;Kazakhstan
4;12;2020;1044;2;Kazakhstan
3;12;2020;777;2;Kazakhstan
2;12;2020;1002;1;Kazakhstan
1;12;2020;757;0;Kazakhstan
14;12;2020;366;1;Kenya
13;12;2020;548;4;Kenya
12;12;2020;673;14;Kenya
11;12;2020;644;16;Kenya
10;12;2020;561;7;Kenya
9;12;2020;521;14;Kenya
8;12;2020;199;5;Kenya
7;12;2020;396;8;Kenya
6;12;2020;735;12;Kenya
5;12;2020;866;6;Kenya
4;12;2020;1253;16;Kenya
3;12;2020;961;10;Kenya
2;12;2020;551;5;Kenya
1;12;2020;302;17;Kenya
14;12;2020;462;12;Kosovo
13;12;2020;524;12;Kosovo
12;12;2020;590;13;Kosovo
11;12;2020;562;13;Kosovo
10;12;2020;561;11;Kosovo
9;12;2020;557;17;Kosovo
8;12;2020;519;14;Kosovo
7;12;2020;468;19;Kosovo
6;12;2020;560;14;Kosovo
5;12;2020;478;11;Kosovo
4;12;2020;627;22;Kosovo
3;12;2020;555;14;Kosovo
2;12;2020;521;10;Kosovo
1;12;2020;539;11;Kosovo
14;12;2020;174;0;Kuwait
13;12;2020;255;1;Kuwait
12;12;2020;294;0;Kuwait
11;12;2020;291;5;Kuwait
10;12;2020;304;5;Kuwait
9;12;2020;301;3;Kuwait
8;12;2020;230;6;Kuwait
7;12;2020;205;2;Kuwait
6;12;2020;247;3;Kuwait
5;12;2020;343;2;Kuwait
4;12;2020;314;2;Kuwait
3;12;2020;268;1;Kuwait
2;12;2020;357;1;Kuwait
1;12;2020;209;2;Kuwait
14;12;2020;318;5;Kyrgyzstan
13;12;2020;297;0;Kyrgyzstan
12;12;2020;341;0;Kyrgyzstan
11;12;2020;327;1;Kyrgyzstan
10;12;2020;379;3;Kyrgyzstan
9;12;2020;322;2;Kyrgyzstan
8;12;2020;295;4;Kyrgyzstan
7;12;2020;422;2;Kyrgyzstan
6;12;2020;199;5;Kyrgyzstan
5;12;2020;401;5;Kyrgyzstan
4;12;2020;440;4;Kyrgyzstan
3;12;2020;420;4;Kyrgyzstan
2;12;2020;335;2;Kyrgyzstan
1;12;2020;371;4;Kyrgyzstan
14;12;2020;0;0;Laos
13;12;2020;0;0;Laos
12;12;2020;0;0;Laos
11;12;2020;0;0;Laos
10;12;2020;0;0;Laos
9;12;2020;0;0;Laos
8;12;2020;0;0;Laos
7;12;2020;2;0;Laos
6;12;2020;0;0;Laos
5;12;2020;0;0;Laos
4;12;2020;0;0;Laos
3;12;2020;0;0;Laos
2;12;2020;0;0;Laos
1;12;2020;0;0;Laos
14;12;2020;629;25;Latvia
13;12;2020;660;5;Latvia
12;12;2020;680;15;Latvia
11;12;2020;890;11;Latvia
10;12;2020;712;5;Latvia
9;12;2020;584;16;Latvia
8;12;2020;207;10;Latvia
7;12;2020;526;9;Latvia
6;12;2020;794;11;Latvia
5;12;2020;686;7;Latvia
4;12;2020;930;11;Latvia
3;12;2020;690;14;Latvia
2;12;2020;612;4;Latvia
1;12;2020;100;9;Latvia
14;12;2020;1275;10;Lebanon
13;12;2020;1540;8;Lebanon
12;12;2020;1518;12;Lebanon
11;12;2020;1778;14;Lebanon
10;12;2020;1274;20;Lebanon
9;12;2020;1039;21;Lebanon
8;12;2020;943;16;Lebanon
7;12;2020;2858;21;Lebanon
6;12;2020;0;0;Lebanon
5;12;2020;1478;11;Lebanon
4;12;2020;1520;12;Lebanon
3;12;2020;1842;22;Lebanon
2;12;2020;1511;15;Lebanon
1;12;2020;1000;14;Lebanon
14;12;2020;0;0;Lesotho
13;12;2020;36;0;Lesotho
12;12;2020;36;0;Lesotho
11;12;2020;14;0;Lesotho
10;12;2020;14;0;Lesotho
9;12;2020;0;0;Lesotho
8;12;2020;0;0;Lesotho
7;12;2020;0;0;Lesotho
6;12;2020;0;0;Lesotho
5;12;2020;5;0;Lesotho
4;12;2020;3;0;Lesotho
3;12;2020;5;0;Lesotho
2;12;2020;28;0;Lesotho
1;12;2020;0;0;Lesotho
14;12;2020;0;0;Liberia
13;12;2020;0;0;Liberia
12;12;2020;0;0;Liberia
11;12;2020;0;0;Liberia
10;12;2020;0;0;Liberia
9;12;2020;0;0;Liberia
8;12;2020;0;0;Liberia
7;12;2020;0;0;Liberia
6;12;2020;0;0;Liberia
5;12;2020;13;0;Liberia
4;12;2020;65;0;Liberia
3;12;2020;0;0;Liberia
2;12;2020;0;0;Liberia
1;12;2020;3;0;Liberia
14;12;2020;899;21;Libya
13;12;2020;0;0;Libya
12;12;2020;697;5;Libya
11;12;2020;661;12;Libya
10;12;2020;536;6;Libya
9;12;2020;889;12;Libya
8;12;2020;517;12;Libya
7;12;2020;1051;12;Libya
6;12;2020;0;0;Libya
5;12;2020;680;7;Libya
4;12;2020;42;12;Libya
3;12;2020;1390;4;Libya
2;12;2020;608;13;Libya
1;12;2020;379;17;Libya
14;12;2020;12;0;Liechtenstein
13;12;2020;0;0;Liechtenstein
12;12;2020;25;1;Liechtenstein
11;12;2020;3;0;Liechtenstein
10;12;2020;27;0;Liechtenstein
9;12;2020;16;0;Liechtenstein
8;12;2020;35;1;Liechtenstein
7;12;2020;0;0;Liechtenstein
6;12;2020;0;0;Liechtenstein
5;12;2020;12;0;Liechtenstein
4;12;2020;40;0;Liechtenstein
3;12;2020;0;1;Liechtenstein
2;12;2020;42;0;Liechtenstein
1;12;2020;29;0;Liechtenstein
14;12;2020;1920;10;Lithuania
13;12;2020;2849;24;Lithuania
12;12;2020;3303;27;Lithuania
11;12;2020;3066;29;Lithuania
10;12;2020;3327;31;Lithuania
9;12;2020;3130;31;Lithuania
8;12;2020;1390;36;Lithuania
7;12;2020;1387;11;Lithuania
6;12;2020;2219;15;Lithuania
5;12;2020;2848;21;Lithuania
4;12;2020;2516;26;Lithuania
3;12;2020;2445;17;Lithuania
2;12;2020;2106;28;Lithuania
1;12;2020;1190;13;Lithuania
14;12;2020;517;4;Luxembourg
13;12;2020;718;8;Luxembourg
12;12;2020;1173;15;Luxembourg
11;12;2020;0;0;Luxembourg
10;12;2020;388;9;Luxembourg
9;12;2020;261;7;Luxembourg
8;12;2020;531;3;Luxembourg
7;12;2020;667;5;Luxembourg
6;12;2020;588;6;Luxembourg
5;12;2020;627;5;Luxembourg
4;12;2020;673;4;Luxembourg
3;12;2020;451;9;Luxembourg
2;12;2020;140;9;Luxembourg
1;12;2020;565;6;Luxembourg
14;12;2020;0;0;Madagascar
13;12;2020;0;0;Madagascar
12;12;2020;0;0;Madagascar
11;12;2020;0;0;Madagascar
10;12;2020;125;3;Madagascar
9;12;2020;0;0;Madagascar
8;12;2020;0;0;Madagascar
7;12;2020;0;0;Madagascar
6;12;2020;0;0;Madagascar
5;12;2020;0;0;Madagascar
4;12;2020;172;4;Madagascar
3;12;2020;0;0;Madagascar
2;12;2020;0;0;Madagascar
1;12;2020;0;0;Madagascar
14;12;2020;3;1;Malawi
13;12;2020;8;0;Malawi
12;12;2020;2;0;Malawi
11;12;2020;2;0;Malawi
10;12;2020;0;0;Malawi
9;12;2020;0;1;Malawi
8;12;2020;0;0;Malawi
7;12;2020;2;0;Malawi
6;12;2020;2;0;Malawi
5;12;2020;4;0;Malawi
4;12;2020;3;0;Malawi
3;12;2020;12;0;Malawi
2;12;2020;0;0;Malawi
1;12;2020;3;0;Malawi
14;12;2020;1229;4;Malaysia
13;12;2020;1937;9;Malaysia
12;12;2020;1810;6;Malaysia
11;12;2020;2234;3;Malaysia
10;12;2020;959;5;Malaysia
9;12;2020;1012;4;Malaysia
8;12;2020;1600;2;Malaysia
7;12;2020;1335;2;Malaysia
6;12;2020;1123;4;Malaysia
5;12;2020;1141;0;Malaysia
4;12;2020;1075;11;Malaysia
3;12;2020;851;2;Malaysia
2;12;2020;1472;3;Malaysia
1;12;2020;1212;3;Malaysia
14;12;2020;20;0;Maldives
13;12;2020;22;0;Maldives
12;12;2020;18;1;Maldives
11;12;2020;34;0;Maldives
10;12;2020;26;0;Maldives
9;12;2020;35;0;Maldives
8;12;2020;15;0;Maldives
7;12;2020;39;0;Maldives
6;12;2020;16;0;Maldives
5;12;2020;37;0;Maldives
4;12;2020;36;0;Maldives
3;12;2020;21;0;Maldives
2;12;2020;38;1;Maldives
1;12;2020;17;0;Maldives
14;12;2020;93;5;Mali
13;12;2020;72;4;Mali
12;12;2020;73;1;Mali
11;12;2020;134;4;Mali
10;12;2020;152;5;Mali
9;12;2020;0;0;Mali
8;12;2020;155;11;Mali
7;12;2020;73;1;Mali
6;12;2020;124;0;Mali
5;12;2020;58;1;Mali
4;12;2020;43;1;Mali
3;12;2020;75;1;Mali
2;12;2020;52;4;Mali
1;12;2020;51;7;Mali
14;12;2020;0;0;Malta
13;12;2020;121;0;Malta
12;12;2020;96;2;Malta
11;12;2020;106;4;Malta
10;12;2020;79;3;Malta
9;12;2020;40;2;Malta
8;12;2020;139;4;Malta
7;12;2020;97;2;Malta
6;12;2020;103;0;Malta
5;12;2020;123;1;Malta
4;12;2020;96;2;Malta
3;12;2020;126;5;Malta
2;12;2020;102;4;Malta
1;12;2020;121;4;Malta
14;12;2020;0;0;Marshall_Islands
13;12;2020;0;0;Marshall_Islands
12;12;2020;0;0;Marshall_Islands
11;12;2020;0;0;Marshall_Islands
10;12;2020;0;0;Marshall_Islands
9;12;2020;0;0;Marshall_Islands
8;12;2020;0;0;Marshall_Islands
7;12;2020;0;0;Marshall_Islands
6;12;2020;0;0;Marshall_Islands
5;12;2020;0;0;Marshall_Islands
4;12;2020;0;0;Marshall_Islands
3;12;2020;0;0;Marshall_Islands
2;12;2020;0;0;Marshall_Islands
1;12;2020;0;0;Marshall_Islands
14;12;2020;0;0;Mauritania
13;12;2020;512;12;Mauritania
12;12;2020;0;0;Mauritania
11;12;2020;392;13;Mauritania
10;12;2020;197;3;Mauritania
9;12;2020;163;6;Mauritania
8;12;2020;806;11;Mauritania
7;12;2020;0;0;Mauritania
6;12;2020;0;0;Mauritania
5;12;2020;0;0;Mauritania
4;12;2020;0;0;Mauritania
3;12;2020;0;0;Mauritania
2;12;2020;109;0;Mauritania
1;12;2020;52;2;Mauritania
14;12;2020;0;0;Mauritius
13;12;2020;0;0;Mauritius
12;12;2020;0;0;Mauritius
11;12;2020;0;0;Mauritius
10;12;2020;0;0;Mauritius
9;12;2020;10;0;Mauritius
8;12;2020;0;0;Mauritius
7;12;2020;0;0;Mauritius
6;12;2020;0;0;Mauritius
5;12;2020;0;0;Mauritius
4;12;2020;0;0;Mauritius
3;12;2020;0;0;Mauritius
2;12;2020;1;0;Mauritius
1;12;2020;3;0;Mauritius
14;12;2020;8608;249;Mexico
13;12;2020;12057;685;Mexico
12;12;2020;12253;693;Mexico
11;12;2020;11897;671;Mexico
10;12;2020;21974;781;Mexico
9;12;2020;1006;800;Mexico
8;12;2020;6399;357;Mexico
7;12;2020;7455;261;Mexico
6;12;2020;11625;593;Mexico
5;12;2020;12127;690;Mexico
4;12;2020;11030;608;Mexico
3;12;2020;11251;800;Mexico
2;12;2020;8819;825;Mexico
1;12;2020;6472;285;Mexico
14;12;2020;795;25;Moldova
13;12;2020;1459;26;Moldova
12;12;2020;1579;21;Moldova
11;12;2020;1715;19;Moldova
10;12;2020;1766;21;Moldova
9;12;2020;1709;22;Moldova
8;12;2020;860;19;Moldova
7;12;2020;1078;16;Moldova
6;12;2020;1728;19;Moldova
5;12;2020;1522;21;Moldova
4;12;2020;1727;20;Moldova
3;12;2020;1717;20;Moldova
2;12;2020;1499;19;Moldova
1;12;2020;347;14;Moldova
14;12;2020;0;0;Monaco
13;12;2020;9;0;Monaco
12;12;2020;2;0;Monaco
11;12;2020;2;0;Monaco
10;12;2020;7;0;Monaco
9;12;2020;7;0;Monaco
8;12;2020;3;0;Monaco
7;12;2020;1;0;Monaco
6;12;2020;7;0;Monaco
5;12;2020;0;0;Monaco
4;12;2020;9;0;Monaco
3;12;2020;4;0;Monaco
2;12;2020;8;0;Monaco
1;12;2020;1;0;Monaco
14;12;2020;5;0;Mongolia
13;12;2020;1;0;Mongolia
12;12;2020;1;0;Mongolia
11;12;2020;7;0;Mongolia
10;12;2020;5;0;Mongolia
9;12;2020;5;0;Mongolia
8;12;2020;1;0;Mongolia
7;12;2020;38;0;Mongolia
6;12;2020;7;0;Mongolia
5;12;2020;11;0;Mongolia
4;12;2020;12;0;Mongolia
3;12;2020;7;0;Mongolia
2;12;2020;11;0;Mongolia
1;12;2020;10;0;Mongolia
14;12;2020;478;4;Montenegro
13;12;2020;402;9;Montenegro
12;12;2020;381;3;Montenegro
11;12;2020;558;10;Montenegro
10;12;2020;454;7;Montenegro
9;12;2020;591;6;Montenegro
8;12;2020;316;10;Montenegro
7;12;2020;367;3;Montenegro
6;12;2020;412;8;Montenegro
5;12;2020;535;6;Montenegro
4;12;2020;581;6;Montenegro
3;12;2020;502;6;Montenegro
2;12;2020;584;5;Montenegro
1;12;2020;384;12;Montenegro
14;12;2020;0;0;Montserrat
13;12;2020;0;0;Montserrat
12;12;2020;0;0;Montserrat
11;12;2020;0;0;Montserrat
10;12;2020;0;0;Montserrat
9;12;2020;0;0;Montserrat
8;12;2020;0;0;Montserrat
7;12;2020;0;0;Montserrat
6;12;2020;0;0;Montserrat
5;12;2020;0;0;Montserrat
4;12;2020;0;0;Montserrat
3;12;2020;0;0;Montserrat
2;12;2020;0;0;Montserrat
1;12;2020;0;0;Montserrat
14;12;2020;2012;35;Morocco
13;12;2020;3033;47;Morocco
12;12;2020;3035;50;Morocco
11;12;2020;3345;65;Morocco
10;12;2020;4096;57;Morocco
9;12;2020;2900;50;Morocco
8;12;2020;1531;75;Morocco
7;12;2020;2919;61;Morocco
6;12;2020;4118;48;Morocco
5;12;2020;3996;73;Morocco
4;12;2020;4434;78;Morocco
3;12;2020;4346;70;Morocco
2;12;2020;3508;69;Morocco
1;12;2020;2533;57;Morocco
14;12;2020;142;2;Mozambique
13;12;2020;132;1;Mozambique
12;12;2020;159;0;Mozambique
11;12;2020;81;1;Mozambique
10;12;2020;67;2;Mozambique
9;12;2020;47;0;Mozambique
8;12;2020;82;3;Mozambique
7;12;2020;111;0;Mozambique
6;12;2020;95;0;Mozambique
5;12;2020;120;1;Mozambique
4;12;2020;52;0;Mozambique
3;12;2020;96;1;Mozambique
2;12;2020;69;0;Mozambique
1;12;2020;88;1;Mozambique
14;12;2020;1127;23;Myanmar
13;12;2020;1352;25;Myanmar
12;12;2020;1376;19;Myanmar
11;12;2020;1321;27;Myanmar
10;12;2020;1427;23;Myanmar
9;12;2020;1308;19;Myanmar
8;12;2020;1276;22;Myanmar
7;12;2020;1108;29;Myanmar
6;12;2020;1527;22;Myanmar
5;12;2020;1502;31;Myanmar
4;12;2020;1418;30;Myanmar
3;12;2020;1411;26;Myanmar
2;12;2020;1476;31;Myanmar
1;12;2020;1227;23;Myanmar
14;12;2020;267;0;Namibia
13;12;2020;172;0;Namibia
12;12;2020;324;2;Namibia
11;12;2020;301;3;Namibia
10;12;2020;174;2;Namibia
9;12;2020;79;1;Namibia
8;12;2020;141;0;Namibia
7;12;2020;128;0;Namibia
6;12;2020;146;0;Namibia
5;12;2020;205;1;Namibia
4;12;2020;122;0;Namibia
3;12;2020;61;0;Namibia
2;12;2020;36;0;Namibia
1;12;2020;35;0;Namibia
14;12;2020;830;9;Nepal
13;12;2020;899;15;Nepal
12;12;2020;1044;11;Nepal
11;12;2020;1217;12;Nepal
10;12;2020;1056;14;Nepal
9;12;2020;1382;23;Nepal
8;12;2020;1014;20;Nepal
7;12;2020;1096;17;Nepal
6;12;2020;1024;10;Nepal
5;12;2020;1272;16;Nepal
4;12;2020;1343;13;Nepal
3;12;2020;2794;9;Nepal
2;12;2020;0;21;Nepal
1;12;2020;1474;29;Nepal
14;12;2020;9868;29;Netherlands
13;12;2020;9071;53;Netherlands
12;12;2020;8827;63;Netherlands
11;12;2020;8709;61;Netherlands
10;12;2020;6524;66;Netherlands
9;12;2020;6139;71;Netherlands
8;12;2020;7055;17;Netherlands
7;12;2020;6769;25;Netherlands
6;12;2020;6520;39;Netherlands
5;12;2020;5867;58;Netherlands
4;12;2020;5603;61;Netherlands
3;12;2020;4917;66;Netherlands
2;12;2020;4042;62;Netherlands
1;12;2020;4562;27;Netherlands
14;12;2020;0;0;New_Caledonia
13;12;2020;0;0;New_Caledonia
12;12;2020;0;0;New_Caledonia
11;12;2020;0;0;New_Caledonia
10;12;2020;0;0;New_Caledonia
9;12;2020;1;0;New_Caledonia
8;12;2020;0;0;New_Caledonia
7;12;2020;0;0;New_Caledonia
6;12;2020;0;0;New_Caledonia
5;12;2020;0;0;New_Caledonia
4;12;2020;1;0;New_Caledonia
3;12;2020;1;0;New_Caledonia
2;12;2020;0;0;New_Caledonia
1;12;2020;1;0;New_Caledonia
14;12;2020;0;0;New_Zealand
13;12;2020;4;0;New_Zealand
12;12;2020;0;0;New_Zealand
11;12;2020;4;0;New_Zealand
10;12;2020;0;0;New_Zealand
9;12;2020;3;0;New_Zealand
8;12;2020;6;0;New_Zealand
7;12;2020;1;0;New_Zealand
6;12;2020;0;0;New_Zealand
5;12;2020;9;0;New_Zealand
4;12;2020;0;0;New_Zealand
3;12;2020;9;0;New_Zealand
2;12;2020;1;0;New_Zealand
1;12;2020;3;0;New_Zealand
14;12;2020;0;0;Nicaragua
13;12;2020;0;0;Nicaragua
12;12;2020;0;0;Nicaragua
11;12;2020;0;0;Nicaragua
10;12;2020;0;0;Nicaragua
9;12;2020;49;1;Nicaragua
8;12;2020;0;0;Nicaragua
7;12;2020;0;0;Nicaragua
6;12;2020;0;0;Nicaragua
5;12;2020;0;0;Nicaragua
4;12;2020;0;0;Nicaragua
3;12;2020;0;0;Nicaragua
2;12;2020;54;1;Nicaragua
1;12;2020;0;0;Nicaragua
14;12;2020;59;0;Niger
13;12;2020;39;0;Niger
12;12;2020;34;0;Niger
11;12;2020;48;1;Niger
10;12;2020;91;0;Niger
9;12;2020;93;1;Niger
8;12;2020;38;1;Niger
7;12;2020;67;0;Niger
6;12;2020;63;0;Niger
5;12;2020;86;1;Niger
4;12;2020;0;0;Niger
3;12;2020;54;1;Niger
2;12;2020;38;3;Niger
1;12;2020;32;2;Niger
14;12;2020;418;3;Nigeria
13;12;2020;617;4;Nigeria
12;12;2020;796;0;Nigeria
11;12;2020;675;6;Nigeria
10;12;2020;474;2;Nigeria
9;12;2020;550;1;Nigeria
8;12;2020;390;1;Nigeria
7;12;2020;318;0;Nigeria
6;12;2020;310;1;Nigeria
5;12;2020;324;0;Nigeria
4;12;2020;343;2;Nigeria
3;12;2020;77;1;Nigeria
2;12;2020;326;3;Nigeria
1;12;2020;145;0;Nigeria
14;12;2020;613;25;North_Macedonia
13;12;2020;981;19;North_Macedonia
12;12;2020;1161;26;North_Macedonia
11;12;2020;929;28;North_Macedonia
10;12;2020;502;46;North_Macedonia
9;12;2020;1120;28;North_Macedonia
8;12;2020;364;25;North_Macedonia
7;12;2020;657;23;North_Macedonia
6;12;2020;981;24;North_Macedonia
5;12;2020;1099;30;North_Macedonia
4;12;2020;1341;22;North_Macedonia
3;12;2020;945;33;North_Macedonia
2;12;2020;1067;29;North_Macedonia
1;12;2020;335;32;North_Macedonia
14;12;2020;0;0;Northern_Mariana_Islands
13;12;2020;0;0;Northern_Mariana_Islands
12;12;2020;0;0;Northern_Mariana_Islands
11;12;2020;0;0;Northern_Mariana_Islands
10;12;2020;0;0;Northern_Mariana_Islands
9;12;2020;2;0;Northern_Mariana_Islands
8;12;2020;2;0;Northern_Mariana_Islands
7;12;2020;3;0;Northern_Mariana_Islands
6;12;2020;0;0;Northern_Mariana_Islands
5;12;2020;0;0;Northern_Mariana_Islands
4;12;2020;0;0;Northern_Mariana_Islands
3;12;2020;0;0;Northern_Mariana_Islands
2;12;2020;0;0;Northern_Mariana_Islands
1;12;2020;0;0;Northern_Mariana_Islands
14;12;2020;0;0;Norway
13;12;2020;0;0;Norway
12;12;2020;498;5;Norway
11;12;2020;362;21;Norway
10;12;2020;459;0;Norway
9;12;2020;381;2;Norway
8;12;2020;951;5;Norway
7;12;2020;0;0;Norway
6;12;2020;0;0;Norway
5;12;2020;403;1;Norway
4;12;2020;377;2;Norway
3;12;2020;441;17;Norway
2;12;2020;324;2;Norway
1;12;2020;1079;4;Norway
14;12;2020;571;8;Oman
13;12;2020;0;0;Oman
12;12;2020;0;0;Oman
11;12;2020;179;2;Oman
10;12;2020;165;7;Oman
9;12;2020;210;2;Oman
8;12;2020;229;8;Oman
7;12;2020;557;9;Oman
6;12;2020;0;0;Oman
5;12;2020;0;0;Oman
4;12;2020;184;5;Oman
3;12;2020;237;0;Oman
2;12;2020;209;7;Oman
1;12;2020;215;5;Oman
14;12;2020;2362;36;Pakistan
13;12;2020;3369;72;Pakistan
12;12;2020;2729;71;Pakistan
11;12;2020;3047;50;Pakistan
10;12;2020;3138;56;Pakistan
9;12;2020;2963;60;Pakistan
8;12;2020;2885;89;Pakistan
7;12;2020;3795;37;Pakistan
6;12;2020;3308;58;Pakistan
5;12;2020;3119;43;Pakistan
4;12;2020;3262;55;Pakistan
3;12;2020;3499;39;Pakistan
2;12;2020;2829;75;Pakistan
1;12;2020;2458;66;Pakistan
14;12;2020;1639;17;Palestine
13;12;2020;1855;33;Palestine
12;12;2020;1743;21;Palestine
11;12;2020;2187;24;Palestine
10;12;2020;1879;23;Palestine
9;12;2020;1599;19;Palestine
8;12;2020;1720;20;Palestine
7;12;2020;2333;17;Palestine
6;12;2020;1422;15;Palestine
5;12;2020;1968;17;Palestine
4;12;2020;2738;19;Palestine
3;12;2020;2180;16;Palestine
2;12;2020;1854;13;Palestine
1;12;2020;2752;18;Palestine
14;12;2020;2422;25;Panama
13;12;2020;2806;22;Panama
12;12;2020;2355;22;Panama
11;12;2020;2447;23;Panama
10;12;2020;1811;23;Panama
9;12;2020;1936;29;Panama
8;12;2020;1511;19;Panama
7;12;2020;1812;20;Panama
6;12;2020;2300;19;Panama
5;12;2020;2388;13;Panama
4;12;2020;1880;27;Panama
3;12;2020;2028;16;Panama
2;12;2020;1505;19;Panama
1;12;2020;1077;19;Panama
14;12;2020;5;0;Papua_New_Guinea
13;12;2020;0;0;Papua_New_Guinea
12;12;2020;36;1;Papua_New_Guinea
11;12;2020;0;0;Papua_New_Guinea
10;12;2020;0;0;Papua_New_Guinea
9;12;2020;13;0;Papua_New_Guinea
8;12;2020;0;0;Papua_New_Guinea
7;12;2020;0;0;Papua_New_Guinea
6;12;2020;0;0;Papua_New_Guinea
5;12;2020;2;0;Papua_New_Guinea
4;12;2020;0;0;Papua_New_Guinea
3;12;2020;0;0;Papua_New_Guinea
2;12;2020;14;0;Papua_New_Guinea
1;12;2020;0;0;Papua_New_Guinea
14;12;2020;669;16;Paraguay
13;12;2020;800;10;Paraguay
12;12;2020;1155;13;Paraguay
11;12;2020;812;13;Paraguay
10;12;2020;725;14;Paraguay
9;12;2020;698;15;Paraguay
8;12;2020;803;19;Paraguay
7;12;2020;707;20;Paraguay
6;12;2020;1736;37;Paraguay
5;12;2020;0;0;Paraguay
4;12;2020;995;13;Paraguay
3;12;2020;1003;12;Paraguay
2;12;2020;1055;15;Paraguay
1;12;2020;518;13;Paraguay
14;12;2020;1928;68;Peru
13;12;2020;2102;65;Peru
12;12;2020;1832;45;Peru
11;12;2020;1799;44;Peru
10;12;2020;691;54;Peru
9;12;2020;1505;77;Peru
8;12;2020;1204;50;Peru
7;12;2020;1224;43;Peru
6;12;2020;1828;36;Peru
5;12;2020;2014;91;Peru
4;12;2020;1771;28;Peru
3;12;2020;1847;45;Peru
2;12;2020;1623;65;Peru
1;12;2020;1075;43;Peru
14;12;2020;1069;3;Philippines
13;12;2020;1292;21;Philippines
12;12;2020;1499;8;Philippines
11;12;2020;1376;24;Philippines
10;12;2020;1379;7;Philippines
9;12;2020;1386;98;Philippines
8;12;2020;1565;18;Philippines
7;12;2020;1765;28;Philippines
6;12;2020;1724;17;Philippines
5;12;2020;932;63;Philippines
4;12;2020;1056;10;Philippines
3;12;2020;1432;18;Philippines
2;12;2020;1295;26;Philippines
1;12;2020;1766;19;Philippines
14;12;2020;8976;188;Poland
13;12;2020;11499;502;Poland
12;12;2020;13105;544;Poland
11;12;2020;13750;470;Poland
10;12;2020;12166;568;Poland
9;12;2020;8310;411;Poland
8;12;2020;4421;92;Poland
7;12;2020;9176;228;Poland
6;12;2020;12427;502;Poland
5;12;2020;13236;531;Poland
4;12;2020;14863;620;Poland
3;12;2020;13823;609;Poland
2;12;2020;9113;449;Poland
1;12;2020;5736;121;Poland
14;12;2020;4044;98;Portugal
13;12;2020;4413;88;Portugal
12;12;2020;5080;95;Portugal
11;12;2020;3134;86;Portugal
10;12;2020;4097;70;Portugal
9;12;2020;2905;81;Portugal
8;12;2020;2597;78;Portugal
7;12;2020;3834;87;Portugal
6;12;2020;6087;73;Portugal
5;12;2020;4935;79;Portugal
4;12;2020;3772;79;Portugal
3;12;2020;3384;68;Portugal
2;12;2020;2401;72;Portugal
1;12;2020;3262;78;Portugal
14;12;2020;1104;6;Puerto_Rico
13;12;2020;1561;17;Puerto_Rico
12;12;2020;2730;11;Puerto_Rico
11;12;2020;494;19;Puerto_Rico
10;12;2020;721;13;Puerto_Rico
9;12;2020;1062;3;Puerto_Rico
8;12;2020;1382;11;Puerto_Rico
7;12;2020;2480;7;Puerto_Rico
6;12;2020;1055;12;Puerto_Rico
5;12;2020;618;18;Puerto_Rico
4;12;2020;437;11;Puerto_Rico
3;12;2020;588;22;Puerto_Rico
2;12;2020;1041;16;Puerto_Rico
1;12;2020;1290;12;Puerto_Rico
14;12;2020;0;0;Qatar
13;12;2020;281;0;Qatar
12;12;2020;164;0;Qatar
11;12;2020;163;0;Qatar
10;12;2020;150;1;Qatar
9;12;2020;117;0;Qatar
8;12;2020;178;0;Qatar
7;12;2020;125;0;Qatar
6;12;2020;140;0;Qatar
5;12;2020;166;0;Qatar
4;12;2020;221;0;Qatar
3;12;2020;255;1;Qatar
2;12;2020;168;1;Qatar
1;12;2020;185;0;Qatar
14;12;2020;4435;121;Romania
13;12;2020;6333;148;Romania
12;12;2020;6460;168;Romania
11;12;2020;7067;127;Romania
10;12;2020;7365;161;Romania
9;12;2020;7439;213;Romania
8;12;2020;3660;127;Romania
7;12;2020;5231;134;Romania
6;12;2020;8072;134;Romania
5;12;2020;8062;176;Romania
4;12;2020;7661;211;Romania
3;12;2020;4916;135;Romania
2;12;2020;4272;199;Romania
1;12;2020;3826;138;Romania
14;12;2020;28080;488;Russia
13;12;2020;28137;560;Russia
12;12;2020;28585;613;Russia
11;12;2020;27927;562;Russia
10;12;2020;26190;559;Russia
9;12;2020;26097;562;Russia
8;12;2020;28142;456;Russia
7;12;2020;29039;457;Russia
6;12;2020;28782;508;Russia
5;12;2020;27403;569;Russia
4;12;2020;28145;554;Russia
3;12;2020;25345;589;Russia
2;12;2020;26402;569;Russia
1;12;2020;26338;368;Russia
14;12;2020;131;0;Rwanda
13;12;2020;100;2;Rwanda
12;12;2020;79;1;Rwanda
11;12;2020;71;0;Rwanda
10;12;2020;41;2;Rwanda
9;12;2020;46;0;Rwanda
8;12;2020;62;0;Rwanda
7;12;2020;45;0;Rwanda
6;12;2020;41;0;Rwanda
5;12;2020;32;1;Rwanda
4;12;2020;17;0;Rwanda
3;12;2020;46;1;Rwanda
2;12;2020;14;0;Rwanda
1;12;2020;15;1;Rwanda
14;12;2020;0;0;Saint_Kitts_and_Nevis
13;12;2020;0;0;Saint_Kitts_and_Nevis
12;12;2020;1;0;Saint_Kitts_and_Nevis
11;12;2020;1;0;Saint_Kitts_and_Nevis
10;12;2020;0;0;Saint_Kitts_and_Nevis
9;12;2020;0;0;Saint_Kitts_and_Nevis
8;12;2020;0;0;Saint_Kitts_and_Nevis
7;12;2020;0;0;Saint_Kitts_and_Nevis
6;12;2020;3;0;Saint_Kitts_and_Nevis
5;12;2020;0;0;Saint_Kitts_and_Nevis
4;12;2020;0;0;Saint_Kitts_and_Nevis
3;12;2020;0;0;Saint_Kitts_and_Nevis
2;12;2020;0;0;Saint_Kitts_and_Nevis
1;12;2020;0;0;Saint_Kitts_and_Nevis
14;12;2020;1;0;Saint_Lucia
13;12;2020;0;0;Saint_Lucia
12;12;2020;0;0;Saint_Lucia
11;12;2020;4;1;Saint_Lucia
10;12;2020;0;1;Saint_Lucia
9;12;2020;0;0;Saint_Lucia
8;12;2020;5;0;Saint_Lucia
7;12;2020;0;0;Saint_Lucia
6;12;2020;3;0;Saint_Lucia
5;12;2020;0;0;Saint_Lucia
4;12;2020;1;0;Saint_Lucia
3;12;2020;2;0;Saint_Lucia
2;12;2020;0;0;Saint_Lucia
1;12;2020;2;0;Saint_Lucia
14;12;2020;4;0;Saint_Vincent_and_the_Grenadines
13;12;2020;0;0;Saint_Vincent_and_the_Grenadines
12;12;2020;3;0;Saint_Vincent_and_the_Grenadines
11;12;2020;0;0;Saint_Vincent_and_the_Grenadines
10;12;2020;4;0;Saint_Vincent_and_the_Grenadines
9;12;2020;0;0;Saint_Vincent_and_the_Grenadines
8;12;2020;0;0;Saint_Vincent_and_the_Grenadines
7;12;2020;0;0;Saint_Vincent_and_the_Grenadines
6;12;2020;0;0;Saint_Vincent_and_the_Grenadines
5;12;2020;0;0;Saint_Vincent_and_the_Grenadines
4;12;2020;2;0;Saint_Vincent_and_the_Grenadines
3;12;2020;0;0;Saint_Vincent_and_the_Grenadines
2;12;2020;0;0;Saint_Vincent_and_the_Grenadines
1;12;2020;0;0;Saint_Vincent_and_the_Grenadines
14;12;2020;15;0;San_Marino
13;12;2020;24;1;San_Marino
12;12;2020;40;1;San_Marino
11;12;2020;34;0;San_Marino
10;12;2020;34;1;San_Marino
9;12;2020;0;0;San_Marino
8;12;2020;11;0;San_Marino
7;12;2020;0;0;San_Marino
6;12;2020;33;1;San_Marino
5;12;2020;42;1;San_Marino
4;12;2020;27;0;San_Marino
3;12;2020;37;0;San_Marino
2;12;2020;38;0;San_Marino
1;12;2020;26;1;San_Marino
14;12;2020;0;0;Sao_Tome_and_Principe
13;12;2020;0;0;Sao_Tome_and_Principe
12;12;2020;0;0;Sao_Tome_and_Principe
11;12;2020;4;0;Sao_Tome_and_Principe
10;12;2020;0;0;Sao_Tome_and_Principe
9;12;2020;3;0;Sao_Tome_and_Principe
8;12;2020;3;0;Sao_Tome_and_Principe
7;12;2020;0;0;Sao_Tome_and_Principe
6;12;2020;0;0;Sao_Tome_and_Principe
5;12;2020;2;0;Sao_Tome_and_Principe
4;12;2020;0;0;Sao_Tome_and_Principe
3;12;2020;1;0;Sao_Tome_and_Principe
2;12;2020;5;0;Sao_Tome_and_Principe
1;12;2020;2;0;Sao_Tome_and_Principe
14;12;2020;139;12;Saudi_Arabia
13;12;2020;166;13;Saudi_Arabia
12;12;2020;168;11;Saudi_Arabia
11;12;2020;141;10;Saudi_Arabia
10;12;2020;159;13;Saudi_Arabia
9;12;2020;193;12;Saudi_Arabia
8;12;2020;209;12;Saudi_Arabia
7;12;2020;187;11;Saudi_Arabia
6;12;2020;190;14;Saudi_Arabia
5;12;2020;234;10;Saudi_Arabia
4;12;2020;230;11;Saudi_Arabia
3;12;2020;249;12;Saudi_Arabia
2;12;2020;263;11;Saudi_Arabia
1;12;2020;232;12;Saudi_Arabia
14;12;2020;78;0;Senegal
13;12;2020;104;4;Senegal
12;12;2020;127;2;Senegal
11;12;2020;101;2;Senegal
10;12;2020;112;1;Senegal
9;12;2020;0;0;Senegal
8;12;2020;76;2;Senegal
7;12;2020;80;1;Senegal
6;12;2020;100;1;Senegal
5;12;2020;80;1;Senegal
4;12;2020;44;2;Senegal
3;12;2020;66;0;Senegal
2;12;2020;18;0;Senegal
1;12;2020;14;0;Senegal
14;12;2020;4995;56;Serbia
13;12;2020;5679;48;Serbia
12;12;2020;6534;55;Serbia
11;12;2020;7393;56;Serbia
10;12;2020;7804;54;Serbia
9;12;2020;7818;57;Serbia
8;12;2020;6557;56;Serbia
7;12;2020;5809;58;Serbia
6;12;2020;6903;57;Serbia
5;12;2020;7782;69;Serbia
4;12;2020;7802;61;Serbia
3;12;2020;7919;52;Serbia
2;12;2020;7999;48;Serbia
1;12;2020;6224;55;Serbia
14;12;2020;0;0;Seychelles
13;12;2020;0;0;Seychelles
12;12;2020;0;0;Seychelles
11;12;2020;3;0;Seychelles
10;12;2020;0;0;Seychelles
9;12;2020;0;0;Seychelles
8;12;2020;0;0;Seychelles
7;12;2020;0;0;Seychelles
6;12;2020;0;0;Seychelles
5;12;2020;1;0;Seychelles
4;12;2020;0;0;Seychelles
3;12;2020;0;0;Seychelles
2;12;2020;0;0;Seychelles
1;12;2020;10;0;Seychelles
14;12;2020;0;0;Sierra_Leone
13;12;2020;2;0;Sierra_Leone
12;12;2020;3;1;Sierra_Leone
11;12;2020;1;0;Sierra_Leone
10;12;2020;6;0;Sierra_Leone
9;12;2020;0;0;Sierra_Leone
8;12;2020;2;0;Sierra_Leone
7;12;2020;6;0;Sierra_Leone
6;12;2020;0;0;Sierra_Leone
5;12;2020;4;0;Sierra_Leone
4;12;2020;0;0;Sierra_Leone
3;12;2020;3;0;Sierra_Leone
2;12;2020;1;0;Sierra_Leone
1;12;2020;1;0;Sierra_Leone
14;12;2020;7;0;Singapore
13;12;2020;8;0;Singapore
12;12;2020;8;0;Singapore
11;12;2020;6;0;Singapore
10;12;2020;6;0;Singapore
9;12;2020;12;0;Singapore
8;12;2020;13;0;Singapore
7;12;2020;5;0;Singapore
6;12;2020;13;0;Singapore
5;12;2020;3;0;Singapore
4;12;2020;9;0;Singapore
3;12;2020;2;0;Singapore
2;12;2020;10;0;Singapore
1;12;2020;5;0;Singapore
14;12;2020;0;0;Sint_Maarten
13;12;2020;7;0;Sint_Maarten
12;12;2020;24;0;Sint_Maarten
11;12;2020;16;0;Sint_Maarten
10;12;2020;24;0;Sint_Maarten
9;12;2020;6;0;Sint_Maarten
8;12;2020;14;0;Sint_Maarten
7;12;2020;2;0;Sint_Maarten
6;12;2020;19;0;Sint_Maarten
5;12;2020;15;1;Sint_Maarten
4;12;2020;13;0;Sint_Maarten
3;12;2020;20;0;Sint_Maarten
2;12;2020;3;0;Sint_Maarten
1;12;2020;3;0;Sint_Maarten
14;12;2020;5897;53;Slovakia
13;12;2020;0;0;Slovakia
12;12;2020;2166;18;Slovakia
11;12;2020;3125;20;Slovakia
10;12;2020;2564;38;Slovakia
9;12;2020;1949;28;Slovakia
8;12;2020;552;22;Slovakia
7;12;2020;1269;15;Slovakia
6;12;2020;2070;24;Slovakia
5;12;2020;2184;27;Slovakia
4;12;2020;1982;32;Slovakia
3;12;2020;2043;30;Slovakia
2;12;2020;1254;29;Slovakia
1;12;2020;196;23;Slovakia
14;12;2020;833;11;Slovenia
13;12;2020;1744;22;Slovenia
12;12;2020;1816;39;Slovenia
11;12;2020;1848;26;Slovenia
10;12;2020;2137;50;Slovenia
9;12;2020;1648;23;Slovenia
8;12;2020;483;30;Slovenia
7;12;2020;1030;14;Slovenia
6;12;2020;1642;37;Slovenia
5;12;2020;1784;111;Slovenia
4;12;2020;1783;54;Slovenia
3;12;2020;2431;78;Slovenia
2;12;2020;1321;16;Slovenia
1;12;2020;433;21;Slovenia
14;12;2020;0;0;Solomon_Islands
13;12;2020;0;0;Solomon_Islands
12;12;2020;0;0;Solomon_Islands
11;12;2020;0;0;Solomon_Islands
10;12;2020;0;0;Solomon_Islands
9;12;2020;0;0;Solomon_Islands
8;12;2020;0;0;Solomon_Islands
7;12;2020;0;0;Solomon_Islands
6;12;2020;0;0;Solomon_Islands
5;12;2020;0;0;Solomon_Islands
4;12;2020;0;0;Solomon_Islands
3;12;2020;0;0;Solomon_Islands
2;12;2020;0;0;Solomon_Islands
1;12;2020;0;0;Solomon_Islands
14;12;2020;0;0;Somalia
13;12;2020;0;0;Somalia
12;12;2020;0;0;Somalia
11;12;2020;0;0;Somalia
10;12;2020;0;0;Somalia
9;12;2020;0;0;Somalia
8;12;2020;54;0;Somalia
7;12;2020;0;0;Somalia
6;12;2020;0;0;Somalia
5;12;2020;0;0;Somalia
4;12;2020;0;0;Somalia
3;12;2020;0;0;Somalia
2;12;2020;80;8;Somalia
1;12;2020;0;0;Somalia
14;12;2020;7999;170;South_Africa
13;12;2020;7882;154;South_Africa
12;12;2020;8319;205;South_Africa
11;12;2020;8166;173;South_Africa
10;12;2020;6709;142;South_Africa
9;12;2020;4011;183;South_Africa
8;12;2020;3313;43;South_Africa
7;12;2020;4116;139;South_Africa
6;12;2020;4645;104;South_Africa
5;12;2020;4932;160;South_Africa
4;12;2020;4400;94;South_Africa
3;12;2020;4173;65;South_Africa
2;12;2020;2295;109;South_Africa
1;12;2020;2302;58;South_Africa
14;12;2020;718;7;South_Korea
13;12;2020;1030;2;South_Korea
12;12;2020;950;6;South_Korea
11;12;2020;688;8;South_Korea
10;12;2020;666;8;South_Korea
9;12;2020;677;4;South_Korea
8;12;2020;594;3;South_Korea
7;12;2020;615;4;South_Korea
6;12;2020;631;5;South_Korea
5;12;2020;583;4;South_Korea
4;12;2020;629;7;South_Korea
3;12;2020;540;3;South_Korea
2;12;2020;511;0;South_Korea
1;12;2020;451;0;South_Korea
14;12;2020;0;0;South_Sudan
13;12;2020;25;0;South_Sudan
12;12;2020;0;0;South_Sudan
11;12;2020;0;0;South_Sudan
10;12;2020;0;0;South_Sudan
9;12;2020;0;0;South_Sudan
8;12;2020;0;0;South_Sudan
7;12;2020;15;0;South_Sudan
6;12;2020;12;0;South_Sudan
5;12;2020;0;0;South_Sudan
4;12;2020;36;1;South_Sudan
3;12;2020;7;0;South_Sudan
2;12;2020;2;0;South_Sudan
1;12;2020;0;0;South_Sudan
13;12;2020;0;0;Spain
12;12;2020;0;0;Spain
11;12;2020;10519;280;Spain
10;12;2020;7955;325;Spain
9;12;2020;9773;373;Spain
8;12;2020;0;0;Spain
7;12;2020;17681;394;Spain
6;12;2020;0;0;Spain
5;12;2020;0;0;Spain
4;12;2020;8745;214;Spain
3;12;2020;10127;254;Spain
2;12;2020;9331;273;Spain
1;12;2020;8257;442;Spain
14;12;2020;655;3;Sri_Lanka
13;12;2020;760;2;Sri_Lanka
12;12;2020;762;1;Sri_Lanka
11;12;2020;538;2;Sri_Lanka
10;12;2020;697;2;Sri_Lanka
9;12;2020;798;0;Sri_Lanka
8;12;2020;703;2;Sri_Lanka
7;12;2020;649;3;Sri_Lanka
6;12;2020;669;7;Sri_Lanka
5;12;2020;521;1;Sri_Lanka
4;12;2020;628;5;Sri_Lanka
3;12;2020;878;2;Sri_Lanka
2;12;2020;545;4;Sri_Lanka
1;12;2020;503;2;Sri_Lanka
14;12;2020;239;3;Sudan
13;12;2020;679;25;Sudan
12;12;2020;0;0;Sudan
11;12;2020;384;12;Sudan
10;12;2020;0;0;Sudan
9;12;2020;337;6;Sudan
8;12;2020;279;6;Sudan
7;12;2020;272;5;Sudan
6;12;2020;843;19;Sudan
5;12;2020;0;0;Sudan
4;12;2020;99;6;Sudan
3;12;2020;0;0;Sudan
2;12;2020;444;16;Sudan
1;12;2020;183;8;Sudan
14;12;2020;4;0;Suriname
13;12;2020;10;0;Suriname
12;12;2020;2;0;Suriname
11;12;2020;4;0;Suriname
10;12;2020;7;0;Suriname
9;12;2020;1;0;Suriname
8;12;2020;1;0;Suriname
7;12;2020;0;0;Suriname
6;12;2020;2;0;Suriname
5;12;2020;0;0;Suriname
4;12;2020;2;0;Suriname
3;12;2020;1;0;Suriname
2;12;2020;7;0;Suriname
1;12;2020;0;0;Suriname
14;12;2020;0;0;Sweden
13;12;2020;0;0;Sweden
12;12;2020;0;0;Sweden
11;12;2020;6051;7;Sweden
10;12;2020;8402;15;Sweden
9;12;2020;7449;24;Sweden
8;12;2020;3778;19;Sweden
7;12;2020;1803;44;Sweden
6;12;2020;4865;19;Sweden
5;12;2020;7343;37;Sweden
4;12;2020;6990;51;Sweden
3;12;2020;6548;52;Sweden
2;12;2020;5819;51;Sweden
1;12;2020;3488;55;Sweden
14;12;2020;0;0;Switzerland
13;12;2020;0;0;Switzerland
12;12;2020;5111;105;Switzerland
11;12;2020;5038;87;Switzerland
10;12;2020;5059;87;Switzerland
9;12;2020;4246;92;Switzerland
8;12;2020;9774;175;Switzerland
7;12;2020;0;0;Switzerland
6;12;2020;0;0;Switzerland
5;12;2020;4370;100;Switzerland
4;12;2020;3071;65;Switzerland
3;12;2020;6130;130;Switzerland
2;12;2020;3760;107;Switzerland
1;12;2020;8753;194;Switzerland
14;12;2020;125;12;Syria
13;12;2020;130;15;Syria
12;12;2020;124;15;Syria
11;12;2020;112;11;Syria
10;12;2020;95;7;Syria
9;12;2020;90;6;Syria
8;12;2020;87;5;Syria
7;12;2020;83;5;Syria
6;12;2020;87;5;Syria
5;12;2020;86;5;Syria
4;12;2020;88;6;Syria
3;12;2020;86;4;Syria
2;12;2020;86;5;Syria
1;12;2020;90;4;Syria
14;12;2020;4;0;Taiwan
13;12;2020;3;0;Taiwan
12;12;2020;8;0;Taiwan
11;12;2020;1;0;Taiwan
10;12;2020;4;0;Taiwan
9;12;2020;2;0;Taiwan
8;12;2020;2;0;Taiwan
7;12;2020;0;0;Taiwan
6;12;2020;23;0;Taiwan
5;12;2020;3;0;Taiwan
4;12;2020;4;0;Taiwan
3;12;2020;1;0;Taiwan
2;12;2020;6;0;Taiwan
1;12;2020;4;0;Taiwan
14;12;2020;38;0;Tajikistan
13;12;2020;35;0;Tajikistan
12;12;2020;43;0;Tajikistan
11;12;2020;37;0;Tajikistan
10;12;2020;40;0;Tajikistan
9;12;2020;42;1;Tajikistan
8;12;2020;41;0;Tajikistan
7;12;2020;39;0;Tajikistan
6;12;2020;40;0;Tajikistan
5;12;2020;41;0;Tajikistan
4;12;2020;39;0;Tajikistan
3;12;2020;38;1;Tajikistan
2;12;2020;37;0;Tajikistan
1;12;2020;39;0;Tajikistan
14;12;2020;28;0;Thailand
13;12;2020;17;0;Thailand
12;12;2020;12;0;Thailand
11;12;2020;29;0;Thailand
10;12;2020;25;0;Thailand
9;12;2020;19;0;Thailand
8;12;2020;0;0;Thailand
7;12;2020;21;0;Thailand
6;12;2020;14;0;Thailand
5;12;2020;33;0;Thailand
4;12;2020;0;0;Thailand
3;12;2020;13;0;Thailand
2;12;2020;28;0;Thailand
1;12;2020;21;0;Thailand
14;12;2020;0;0;Timor_Leste
13;12;2020;0;0;Timor_Leste
12;12;2020;0;0;Timor_Leste
11;12;2020;0;0;Timor_Leste
10;12;2020;0;0;Timor_Leste
9;12;2020;0;0;Timor_Leste
8;12;2020;0;0;Timor_Leste
7;12;2020;0;0;Timor_Leste
6;12;2020;0;0;Timor_Leste
5;12;2020;0;0;Timor_Leste
4;12;2020;0;0;Timor_Leste
3;12;2020;1;0;Timor_Leste
2;12;2020;0;0;Timor_Leste
1;12;2020;0;0;Timor_Leste
14;12;2020;30;0;Togo
13;12;2020;19;0;Togo
12;12;2020;20;0;Togo
11;12;2020;31;1;Togo
10;12;2020;19;0;Togo
9;12;2020;21;0;Togo
8;12;2020;16;0;Togo
7;12;2020;10;0;Togo
6;12;2020;34;0;Togo
5;12;2020;12;0;Togo
4;12;2020;25;0;Togo
3;12;2020;17;1;Togo
2;12;2020;23;0;Togo
1;12;2020;12;0;Togo
14;12;2020;15;0;Trinidad_and_Tobago
13;12;2020;12;0;Trinidad_and_Tobago
12;12;2020;19;0;Trinidad_and_Tobago
11;12;2020;25;0;Trinidad_and_Tobago
10;12;2020;26;0;Trinidad_and_Tobago
9;12;2020;7;0;Trinidad_and_Tobago
8;12;2020;8;0;Trinidad_and_Tobago
7;12;2020;16;0;Trinidad_and_Tobago
6;12;2020;16;1;Trinidad_and_Tobago
5;12;2020;10;0;Trinidad_and_Tobago
4;12;2020;21;0;Trinidad_and_Tobago
3;12;2020;19;1;Trinidad_and_Tobago
2;12;2020;16;0;Trinidad_and_Tobago
1;12;2020;9;0;Trinidad_and_Tobago
14;12;2020;968;58;Tunisia
13;12;2020;1289;35;Tunisia
12;12;2020;1290;43;Tunisia
11;12;2020;958;41;Tunisia
10;12;2020;1411;49;Tunisia
9;12;2020;1116;72;Tunisia
8;12;2020;327;35;Tunisia
7;12;2020;1011;35;Tunisia
6;12;2020;1091;45;Tunisia
5;12;2020;2620;122;Tunisia
4;12;2020;0;0;Tunisia
3;12;2020;1208;48;Tunisia
2;12;2020;1303;51;Tunisia
1;12;2020;518;41;Tunisia
14;12;2020;29136;222;Turkey
13;12;2020;32106;226;Turkey
12;12;2020;0;0;Turkey
11;12;2020;30424;220;Turkey
10;12;2020;31712;217;Turkey
9;12;2020;33198;211;Turkey
8;12;2020;32137;203;Turkey
7;12;2020;30402;195;Turkey
6;12;2020;31896;196;Turkey
5;12;2020;32736;193;Turkey
4;12;2020;32381;187;Turkey
3;12;2020;31923;193;Turkey
2;12;2020;30110;190;Turkey
1;12;2020;31219;188;Turkey
14;12;2020;0;0;Turks_and_Caicos_islands
13;12;2020;0;0;Turks_and_Caicos_islands
12;12;2020;1;0;Turks_and_Caicos_islands
11;12;2020;0;0;Turks_and_Caicos_islands
10;12;2020;7;0;Turks_and_Caicos_islands
9;12;2020;5;0;Turks_and_Caicos_islands
8;12;2020;0;0;Turks_and_Caicos_islands
7;12;2020;0;0;Turks_and_Caicos_islands
6;12;2020;1;0;Turks_and_Caicos_islands
5;12;2020;4;0;Turks_and_Caicos_islands
4;12;2020;0;0;Turks_and_Caicos_islands
3;12;2020;1;0;Turks_and_Caicos_islands
2;12;2020;2;0;Turks_and_Caicos_islands
1;12;2020;0;0;Turks_and_Caicos_islands
14;12;2020;461;1;Uganda
13;12;2020;702;0;Uganda
12;12;2020;639;0;Uganda
11;12;2020;671;1;Uganda
10;12;2020;1199;12;Uganda
9;12;2020;660;0;Uganda
8;12;2020;701;1;Uganda
7;12;2020;311;0;Uganda
6;12;2020;290;0;Uganda
5;12;2020;286;0;Uganda
4;12;2020;203;0;Uganda
3;12;2020;374;1;Uganda
2;12;2020;576;0;Uganda
1;12;2020;314;4;Uganda
14;12;2020;15627;249;Ukraine
13;12;2020;12811;243;Ukraine
12;12;2020;13514;285;Ukraine
11;12;2020;13371;266;Ukraine
10;12;2020;12585;276;Ukraine
9;12;2020;10811;195;Ukraine
8;12;2020;8641;145;Ukraine
7;12;2020;11590;167;Ukraine
6;12;2020;13825;226;Ukraine
5;12;2020;15131;235;Ukraine
4;12;2020;14496;243;Ukraine
3;12;2020;13141;169;Ukraine
2;12;2020;12498;221;Ukraine
1;12;2020;9946;114;Ukraine
14;12;2020;1194;8;United_Arab_Emirates
13;12;2020;1154;2;United_Arab_Emirates
12;12;2020;1196;5;United_Arab_Emirates
11;12;2020;1255;4;United_Arab_Emirates
10;12;2020;1313;2;United_Arab_Emirates
9;12;2020;1260;2;United_Arab_Emirates
8;12;2020;1148;2;United_Arab_Emirates
7;12;2020;1153;3;United_Arab_Emirates
6;12;2020;1214;3;United_Arab_Emirates
5;12;2020;1311;1;United_Arab_Emirates
4;12;2020;1317;5;United_Arab_Emirates
3;12;2020;1285;4;United_Arab_Emirates
2;12;2020;1289;4;United_Arab_Emirates
1;12;2020;1107;2;United_Arab_Emirates
14;12;2020;18447;144;United_Kingdom
13;12;2020;21501;520;United_Kingdom
12;12;2020;21672;424;United_Kingdom
11;12;2020;20964;516;United_Kingdom
10;12;2020;16578;533;United_Kingdom
9;12;2020;12281;599;United_Kingdom
8;12;2020;14718;189;United_Kingdom
7;12;2020;17271;231;United_Kingdom
6;12;2020;15539;397;United_Kingdom
5;12;2020;16298;504;United_Kingdom
4;12;2020;14878;414;United_Kingdom
3;12;2020;16170;648;United_Kingdom
2;12;2020;13429;603;United_Kingdom
1;12;2020;12330;203;United_Kingdom
14;12;2020;0;0;United_Republic_of_Tanzania
13;12;2020;0;0;United_Republic_of_Tanzania
12;12;2020;0;0;United_Republic_of_Tanzania
11;12;2020;0;0;United_Republic_of_Tanzania
10;12;2020;0;0;United_Republic_of_Tanzania
9;12;2020;0;0;United_Republic_of_Tanzania
8;12;2020;0;0;United_Republic_of_Tanzania
7;12;2020;0;0;United_Republic_of_Tanzania
6;12;2020;0;0;United_Republic_of_Tanzania
5;12;2020;0;0;United_Republic_of_Tanzania
4;12;2020;0;0;United_Republic_of_Tanzania
3;12;2020;0;0;United_Republic_of_Tanzania
2;12;2020;0;0;United_Republic_of_Tanzania
1;12;2020;0;0;United_Republic_of_Tanzania
14;12;2020;189723;1340;United_States_of_America
13;12;2020;216017;2315;United_States_of_America
12;12;2020;234633;3343;United_States_of_America
11;12;2020;224680;2748;United_States_of_America
10;12;2020;220025;3124;United_States_of_America
9;12;2020;217344;2564;United_States_of_America
8;12;2020;197334;1433;United_States_of_America
7;12;2020;173432;1111;United_States_of_America
6;12;2020;211933;2203;United_States_of_America
5;12;2020;231930;2680;United_States_of_America
4;12;2020;214747;2481;United_States_of_America
3;12;2020;203311;3190;United_States_of_America
2;12;2020;180421;2600;United_States_of_America
1;12;2020;157903;1172;United_States_of_America
14;12;2020;0;0;United_States_Virgin_Islands
13;12;2020;16;0;United_States_Virgin_Islands
12;12;2020;58;0;United_States_Virgin_Islands
11;12;2020;35;0;United_States_Virgin_Islands
10;12;2020;18;0;United_States_Virgin_Islands
9;12;2020;31;0;United_States_Virgin_Islands
8;12;2020;0;0;United_States_Virgin_Islands
7;12;2020;0;0;United_States_Virgin_Islands
6;12;2020;16;0;United_States_Virgin_Islands
5;12;2020;20;0;United_States_Virgin_Islands
4;12;2020;24;0;United_States_Virgin_Islands
3;12;2020;26;0;United_States_Virgin_Islands
2;12;2020;13;0;United_States_Virgin_Islands
1;12;2020;6;0;United_States_Virgin_Islands
14;12;2020;528;1;Uruguay
13;12;2020;331;1;Uruguay
12;12;2020;362;0;Uruguay
11;12;2020;383;3;Uruguay
10;12;2020;298;1;Uruguay
9;12;2020;301;3;Uruguay
8;12;2020;202;1;Uruguay
7;12;2020;338;1;Uruguay
6;12;2020;234;1;Uruguay
5;12;2020;276;0;Uruguay
4;12;2020;230;0;Uruguay
3;12;2020;201;2;Uruguay
2;12;2020;167;1;Uruguay
1;12;2020;141;1;Uruguay
14;12;2020;138;0;Uzbekistan
13;12;2020;145;0;Uzbekistan
12;12;2020;147;1;Uzbekistan
11;12;2020;166;0;Uzbekistan
10;12;2020;146;0;Uzbekistan
9;12;2020;146;0;Uzbekistan
8;12;2020;153;0;Uzbekistan
7;12;2020;461;0;Uzbekistan
6;12;2020;0;0;Uzbekistan
5;12;2020;0;0;Uzbekistan
4;12;2020;161;0;Uzbekistan
3;12;2020;337;1;Uzbekistan
2;12;2020;0;0;Uzbekistan
1;12;2020;224;2;Uzbekistan
14;12;2020;0;0;Vanuatu
13;12;2020;0;0;Vanuatu
12;12;2020;0;0;Vanuatu
11;12;2020;0;0;Vanuatu
10;12;2020;0;0;Vanuatu
9;12;2020;0;0;Vanuatu
8;12;2020;0;0;Vanuatu
7;12;2020;0;0;Vanuatu
6;12;2020;0;0;Vanuatu
5;12;2020;0;0;Vanuatu
4;12;2020;0;0;Vanuatu
3;12;2020;0;0;Vanuatu
2;12;2020;0;0;Vanuatu
1;12;2020;0;0;Vanuatu
14;12;2020;462;5;Venezuela
13;12;2020;0;0;Venezuela
12;12;2020;435;6;Venezuela
11;12;2020;428;5;Venezuela
10;12;2020;468;5;Venezuela
9;12;2020;480;4;Venezuela
8;12;2020;462;5;Venezuela
7;12;2020;265;3;Venezuela
6;12;2020;300;3;Venezuela
5;12;2020;810;8;Venezuela
4;12;2020;0;0;Venezuela
3;12;2020;446;4;Venezuela
2;12;2020;227;4;Venezuela
1;12;2020;354;3;Venezuela
14;12;2020;2;0;Vietnam
13;12;2020;4;0;Vietnam
12;12;2020;6;0;Vietnam
11;12;2020;4;0;Vietnam
10;12;2020;4;0;Vietnam
9;12;2020;10;0;Vietnam
8;12;2020;1;0;Vietnam
7;12;2020;1;0;Vietnam
6;12;2020;4;0;Vietnam
5;12;2020;0;0;Vietnam
4;12;2020;3;0;Vietnam
3;12;2020;7;0;Vietnam
2;12;2020;5;0;Vietnam
1;12;2020;3;0;Vietnam
14;12;2020;0;0;Wallis_and_Futuna
13;12;2020;0;0;Wallis_and_Futuna
12;12;2020;0;0;Wallis_and_Futuna
11;12;2020;0;0;Wallis_and_Futuna
10;12;2020;0;0;Wallis_and_Futuna
9;12;2020;0;0;Wallis_and_Futuna
8;12;2020;0;0;Wallis_and_Futuna
7;12;2020;0;0;Wallis_and_Futuna
6;12;2020;0;0;Wallis_and_Futuna
5;12;2020;0;0;Wallis_and_Futuna
4;12;2020;0;0;Wallis_and_Futuna
3;12;2020;0;0;Wallis_and_Futuna
2;12;2020;0;0;Wallis_and_Futuna
1;12;2020;0;0;Wallis_and_Futuna
14;12;2020;0;0;Western_Sahara
13;12;2020;0;0;Western_Sahara
12;12;2020;0;0;Western_Sahara
11;12;2020;0;0;Western_Sahara
10;12;2020;0;0;Western_Sahara
9;12;2020;0;0;Western_Sahara
8;12;2020;0;0;Western_Sahara
7;12;2020;0;0;Western_Sahara
6;12;2020;0;0;Western_Sahara
5;12;2020;0;0;Western_Sahara
4;12;2020;0;0;Western_Sahara
3;12;2020;0;0;Western_Sahara
2;12;2020;0;0;Western_Sahara
1;12;2020;0;0;Western_Sahara
14;12;2020;0;0;Yemen
13;12;2020;1;0;Yemen
12;12;2020;1;0;Yemen
11;12;2020;2;0;Yemen
10;12;2020;0;0;Yemen
9;12;2020;1;0;Yemen
8;12;2020;1;0;Yemen
7;12;2020;0;0;Yemen
6;12;2020;0;0;Yemen
5;12;2020;0;0;Yemen
4;12;2020;0;1;Yemen
3;12;2020;0;0;Yemen
2;12;2020;0;0;Yemen
1;12;2020;0;0;Yemen
14;12;2020;57;1;Zambia
13;12;2020;56;1;Zambia
12;12;2020;70;1;Zambia
11;12;2020;29;0;Zambia
10;12;2020;99;0;Zambia
9;12;2020;32;0;Zambia
8;12;2020;15;0;Zambia
7;12;2020;18;0;Zambia
6;12;2020;41;0;Zambia
5;12;2020;127;7;Zambia
4;12;2020;30;0;Zambia
3;12;2020;35;0;Zambia
2;12;2020;18;0;Zambia
1;12;2020;39;0;Zambia
14;12;2020;27;0;Zimbabwe
13;12;2020;57;1;Zimbabwe
12;12;2020;81;1;Zimbabwe
11;12;2020;74;1;Zimbabwe
10;12;2020;95;1;Zimbabwe
9;12;2020;73;9;Zimbabwe
8;12;2020;121;3;Zimbabwe
7;12;2020;101;0;Zimbabwe
6;12;2020;70;11;Zimbabwe
5;12;2020;123;0;Zimbabwe
4;12;2020;181;3;Zimbabwe
3;12;2020;114;0;Zimbabwe
2;12;2020;95;0;Zimbabwe
1;12;2020;84;1;Zimbabwe
